,year,total_hpi,population,region,HPI_change,CPI_change,completed,rental,total_dwelling,employment_change,aggre_income,avg_income,med_income
0,1991,79.5,1646854.0,vancouver,-7.160019222,5.17130621,14630,1738,14769,2.457594449,50945,42200,33600
1,1991,77.3,1646854.0,vancouver,-7.160019222,5.17130621,14630,1738,14769,2.457594449,50945,42200,33600
2,1991,78.9,1646854.0,vancouver,-7.160019222,5.17130621,14630,1738,14769,2.457594449,50945,42200,33600
3,1991,79.1,1646854.0,vancouver,-7.160019222,5.17130621,14630,1738,14769,2.457594449,50945,42200,33600
4,1991,80.0,1646854.0,vancouver,-7.160019222,5.17130621,14630,1738,14769,2.457594449,50945,42200,33600
5,1991,80.1,1646854.0,vancouver,-7.160019222,5.17130621,14630,1738,14769,2.457594449,50945,42200,33600
6,1991,81.4,1646854.0,vancouver,-7.160019222,5.17130621,14630,1738,14769,2.457594449,50945,42200,33600
7,1991,81.4,1646854.0,vancouver,-7.160019222,5.17130621,14630,1738,14769,2.457594449,50945,42200,33600
8,1991,81.4,1646854.0,vancouver,-7.160019222,5.17130621,14630,1738,14769,2.457594449,50945,42200,33600
9,1991,82.1,1646854.0,vancouver,-7.160019222,5.17130621,14630,1738,14769,2.457594449,50945,42200,33600
10,1991,82.4,1646854.0,vancouver,-7.160019222,5.17130621,14630,1738,14769,2.457594449,50945,42200,33600
11,1991,82.4,1646854.0,vancouver,-7.160019222,5.17130621,14630,1738,14769,2.457594449,50945,42200,33600
12,1991,89.6,1646854.0,vancouver,-7.160019222,5.17130621,14630,1738,14769,2.457594449,50945,42200,33600
13,1991,87.4,1646854.0,vancouver,-7.160019222,5.17130621,14630,1738,14769,2.457594449,50945,42200,33600
14,1991,88.6,1646854.0,vancouver,-7.160019222,5.17130621,14630,1738,14769,2.457594449,50945,42200,33600
15,1991,87.8,1646854.0,vancouver,-7.160019222,5.17130621,14630,1738,14769,2.457594449,50945,42200,33600
16,1991,87.8,1646854.0,vancouver,-7.160019222,5.17130621,14630,1738,14769,2.457594449,50945,42200,33600
17,1991,88.4,1646854.0,vancouver,-7.160019222,5.17130621,14630,1738,14769,2.457594449,50945,42200,33600
18,1991,89.2,1646854.0,vancouver,-7.160019222,5.17130621,14630,1738,14769,2.457594449,50945,42200,33600
19,1991,89.2,1646854.0,vancouver,-7.160019222,5.17130621,14630,1738,14769,2.457594449,50945,42200,33600
20,1991,89.4,1646854.0,vancouver,-7.160019222,5.17130621,14630,1738,14769,2.457594449,50945,42200,33600
21,1991,90.2,1646854.0,vancouver,-7.160019222,5.17130621,14630,1738,14769,2.457594449,50945,42200,33600
22,1991,90.6,1646854.0,vancouver,-7.160019222,5.17130621,14630,1738,14769,2.457594449,50945,42200,33600
23,1991,90.7,1646854.0,vancouver,-7.160019222,5.17130621,14630,1738,14769,2.457594449,50945,42200,33600
24,1991,69.9,1646854.0,vancouver,-7.160019222,5.17130621,14630,1738,14769,2.457594449,50945,42200,33600
25,1991,67.5,1646854.0,vancouver,-7.160019222,5.17130621,14630,1738,14769,2.457594449,50945,42200,33600
26,1991,69.3,1646854.0,vancouver,-7.160019222,5.17130621,14630,1738,14769,2.457594449,50945,42200,33600
27,1991,71.5,1646854.0,vancouver,-7.160019222,5.17130621,14630,1738,14769,2.457594449,50945,42200,33600
28,1991,73.6,1646854.0,vancouver,-7.160019222,5.17130621,14630,1738,14769,2.457594449,50945,42200,33600
29,1991,72.7,1646854.0,vancouver,-7.160019222,5.17130621,14630,1738,14769,2.457594449,50945,42200,33600
30,1991,75.0,1646854.0,vancouver,-7.160019222,5.17130621,14630,1738,14769,2.457594449,50945,42200,33600
31,1991,75.0,1646854.0,vancouver,-7.160019222,5.17130621,14630,1738,14769,2.457594449,50945,42200,33600
32,1991,75.0,1646854.0,vancouver,-7.160019222,5.17130621,14630,1738,14769,2.457594449,50945,42200,33600
33,1991,75.0,1646854.0,vancouver,-7.160019222,5.17130621,14630,1738,14769,2.457594449,50945,42200,33600
34,1991,75.0,1646854.0,vancouver,-7.160019222,5.17130621,14630,1738,14769,2.457594449,50945,42200,33600
35,1991,74.9,1646854.0,vancouver,-7.160019222,5.17130621,14630,1738,14769,2.457594449,50945,42200,33600
36,1992,82.7,1691289.0,vancouver,8.788819876,2.931894533,16487,1901,18684,2.457594449,54374,42900,33200
37,1992,84.4,1691289.0,vancouver,8.788819876,2.931894533,16487,1901,18684,2.457594449,54374,42900,33200
38,1992,84.8,1691289.0,vancouver,8.788819876,2.931894533,16487,1901,18684,2.457594449,54374,42900,33200
39,1992,85.9,1691289.0,vancouver,8.788819876,2.931894533,16487,1901,18684,2.457594449,54374,42900,33200
40,1992,86.6,1691289.0,vancouver,8.788819876,2.931894533,16487,1901,18684,2.457594449,54374,42900,33200
41,1992,87.3,1691289.0,vancouver,8.788819876,2.931894533,16487,1901,18684,2.457594449,54374,42900,33200
42,1992,88.8,1691289.0,vancouver,8.788819876,2.931894533,16487,1901,18684,2.457594449,54374,42900,33200
43,1992,89.2,1691289.0,vancouver,8.788819876,2.931894533,16487,1901,18684,2.457594449,54374,42900,33200
44,1992,89.5,1691289.0,vancouver,8.788819876,2.931894533,16487,1901,18684,2.457594449,54374,42900,33200
45,1992,90.3,1691289.0,vancouver,8.788819876,2.931894533,16487,1901,18684,2.457594449,54374,42900,33200
46,1992,90.9,1691289.0,vancouver,8.788819876,2.931894533,16487,1901,18684,2.457594449,54374,42900,33200
47,1992,90.5,1691289.0,vancouver,8.788819876,2.931894533,16487,1901,18684,2.457594449,54374,42900,33200
48,1992,91.0,1691289.0,vancouver,8.788819876,2.931894533,16487,1901,18684,2.457594449,54374,42900,33200
49,1992,93.0,1691289.0,vancouver,8.788819876,2.931894533,16487,1901,18684,2.457594449,54374,42900,33200
50,1992,92.8,1691289.0,vancouver,8.788819876,2.931894533,16487,1901,18684,2.457594449,54374,42900,33200
51,1992,93.4,1691289.0,vancouver,8.788819876,2.931894533,16487,1901,18684,2.457594449,54374,42900,33200
52,1992,93.9,1691289.0,vancouver,8.788819876,2.931894533,16487,1901,18684,2.457594449,54374,42900,33200
53,1992,94.5,1691289.0,vancouver,8.788819876,2.931894533,16487,1901,18684,2.457594449,54374,42900,33200
54,1992,94.6,1691289.0,vancouver,8.788819876,2.931894533,16487,1901,18684,2.457594449,54374,42900,33200
55,1992,95.3,1691289.0,vancouver,8.788819876,2.931894533,16487,1901,18684,2.457594449,54374,42900,33200
56,1992,95.7,1691289.0,vancouver,8.788819876,2.931894533,16487,1901,18684,2.457594449,54374,42900,33200
57,1992,95.9,1691289.0,vancouver,8.788819876,2.931894533,16487,1901,18684,2.457594449,54374,42900,33200
58,1992,96.2,1691289.0,vancouver,8.788819876,2.931894533,16487,1901,18684,2.457594449,54374,42900,33200
59,1992,95.3,1691289.0,vancouver,8.788819876,2.931894533,16487,1901,18684,2.457594449,54374,42900,33200
60,1992,75.1,1691289.0,vancouver,8.788819876,2.931894533,16487,1901,18684,2.457594449,54374,42900,33200
61,1992,76.5,1691289.0,vancouver,8.788819876,2.931894533,16487,1901,18684,2.457594449,54374,42900,33200
62,1992,77.5,1691289.0,vancouver,8.788819876,2.931894533,16487,1901,18684,2.457594449,54374,42900,33200
63,1992,79.6,1691289.0,vancouver,8.788819876,2.931894533,16487,1901,18684,2.457594449,54374,42900,33200
64,1992,80.7,1691289.0,vancouver,8.788819876,2.931894533,16487,1901,18684,2.457594449,54374,42900,33200
65,1992,81.2,1691289.0,vancouver,8.788819876,2.931894533,16487,1901,18684,2.457594449,54374,42900,33200
66,1992,85.6,1691289.0,vancouver,8.788819876,2.931894533,16487,1901,18684,2.457594449,54374,42900,33200
67,1992,85.5,1691289.0,vancouver,8.788819876,2.931894533,16487,1901,18684,2.457594449,54374,42900,33200
68,1992,85.4,1691289.0,vancouver,8.788819876,2.931894533,16487,1901,18684,2.457594449,54374,42900,33200
69,1992,86.9,1691289.0,vancouver,8.788819876,2.931894533,16487,1901,18684,2.457594449,54374,42900,33200
70,1992,88.1,1691289.0,vancouver,8.788819876,2.931894533,16487,1901,18684,2.457594449,54374,42900,33200
71,1992,88.5,1691289.0,vancouver,8.788819876,2.931894533,16487,1901,18684,2.457594449,54374,42900,33200
72,1993,90.3,1736726.0,vancouver,7.679132172,3.659380872,19737,1435,21307,2.457594449,51793,40300,31400
73,1993,91.8,1736726.0,vancouver,7.679132172,3.659380872,19737,1435,21307,2.457594449,51793,40300,31400
74,1993,92.5,1736726.0,vancouver,7.679132172,3.659380872,19737,1435,21307,2.457594449,51793,40300,31400
75,1993,94.5,1736726.0,vancouver,7.679132172,3.659380872,19737,1435,21307,2.457594449,51793,40300,31400
76,1993,93.7,1736726.0,vancouver,7.679132172,3.659380872,19737,1435,21307,2.457594449,51793,40300,31400
77,1993,94.2,1736726.0,vancouver,7.679132172,3.659380872,19737,1435,21307,2.457594449,51793,40300,31400
78,1993,95.8,1736726.0,vancouver,7.679132172,3.659380872,19737,1435,21307,2.457594449,51793,40300,31400
79,1993,96.0,1736726.0,vancouver,7.679132172,3.659380872,19737,1435,21307,2.457594449,51793,40300,31400
80,1993,95.9,1736726.0,vancouver,7.679132172,3.659380872,19737,1435,21307,2.457594449,51793,40300,31400
81,1993,96.0,1736726.0,vancouver,7.679132172,3.659380872,19737,1435,21307,2.457594449,51793,40300,31400
82,1993,95.7,1736726.0,vancouver,7.679132172,3.659380872,19737,1435,21307,2.457594449,51793,40300,31400
83,1993,95.2,1736726.0,vancouver,7.679132172,3.659380872,19737,1435,21307,2.457594449,51793,40300,31400
84,1993,95.0,1736726.0,vancouver,7.679132172,3.659380872,19737,1435,21307,2.457594449,51793,40300,31400
85,1993,97.0,1736726.0,vancouver,7.679132172,3.659380872,19737,1435,21307,2.457594449,51793,40300,31400
86,1993,96.7,1736726.0,vancouver,7.679132172,3.659380872,19737,1435,21307,2.457594449,51793,40300,31400
87,1993,99.7,1736726.0,vancouver,7.679132172,3.659380872,19737,1435,21307,2.457594449,51793,40300,31400
88,1993,97.3,1736726.0,vancouver,7.679132172,3.659380872,19737,1435,21307,2.457594449,51793,40300,31400
89,1993,97.7,1736726.0,vancouver,7.679132172,3.659380872,19737,1435,21307,2.457594449,51793,40300,31400
90,1993,99.7,1736726.0,vancouver,7.679132172,3.659380872,19737,1435,21307,2.457594449,51793,40300,31400
91,1993,99.9,1736726.0,vancouver,7.679132172,3.659380872,19737,1435,21307,2.457594449,51793,40300,31400
92,1993,99.6,1736726.0,vancouver,7.679132172,3.659380872,19737,1435,21307,2.457594449,51793,40300,31400
93,1993,100.2,1736726.0,vancouver,7.679132172,3.659380872,19737,1435,21307,2.457594449,51793,40300,31400
94,1993,100.0,1736726.0,vancouver,7.679132172,3.659380872,19737,1435,21307,2.457594449,51793,40300,31400
95,1993,98.9,1736726.0,vancouver,7.679132172,3.659380872,19737,1435,21307,2.457594449,51793,40300,31400
96,1993,88.5,1736726.0,vancouver,7.679132172,3.659380872,19737,1435,21307,2.457594449,51793,40300,31400
97,1993,89.2,1736726.0,vancouver,7.679132172,3.659380872,19737,1435,21307,2.457594449,51793,40300,31400
98,1993,91.1,1736726.0,vancouver,7.679132172,3.659380872,19737,1435,21307,2.457594449,51793,40300,31400
99,1993,91.8,1736726.0,vancouver,7.679132172,3.659380872,19737,1435,21307,2.457594449,51793,40300,31400
100,1993,93.0,1736726.0,vancouver,7.679132172,3.659380872,19737,1435,21307,2.457594449,51793,40300,31400
101,1993,93.7,1736726.0,vancouver,7.679132172,3.659380872,19737,1435,21307,2.457594449,51793,40300,31400
102,1993,94.6,1736726.0,vancouver,7.679132172,3.659380872,19737,1435,21307,2.457594449,51793,40300,31400
103,1993,94.8,1736726.0,vancouver,7.679132172,3.659380872,19737,1435,21307,2.457594449,51793,40300,31400
104,1993,94.8,1736726.0,vancouver,7.679132172,3.659380872,19737,1435,21307,2.457594449,51793,40300,31400
105,1993,94.4,1736726.0,vancouver,7.679132172,3.659380872,19737,1435,21307,2.457594449,51793,40300,31400
106,1993,94.2,1736726.0,vancouver,7.679132172,3.659380872,19737,1435,21307,2.457594449,51793,40300,31400
107,1993,94.1,1736726.0,vancouver,7.679132172,3.659380872,19737,1435,21307,2.457594449,51793,40300,31400
108,1994,95.0,1792984.0,vancouver,-0.583244963,2.022707757,20387,1181,20473,2.457594449,53292,40600,31900
109,1994,94.9,1792984.0,vancouver,-0.583244963,2.022707757,20387,1181,20473,2.457594449,53292,40600,31900
110,1994,94.5,1792984.0,vancouver,-0.583244963,2.022707757,20387,1181,20473,2.457594449,53292,40600,31900
111,1994,94.5,1792984.0,vancouver,-0.583244963,2.022707757,20387,1181,20473,2.457594449,53292,40600,31900
112,1994,94.1,1792984.0,vancouver,-0.583244963,2.022707757,20387,1181,20473,2.457594449,53292,40600,31900
113,1994,94.0,1792984.0,vancouver,-0.583244963,2.022707757,20387,1181,20473,2.457594449,53292,40600,31900
114,1994,93.6,1792984.0,vancouver,-0.583244963,2.022707757,20387,1181,20473,2.457594449,53292,40600,31900
115,1994,93.6,1792984.0,vancouver,-0.583244963,2.022707757,20387,1181,20473,2.457594449,53292,40600,31900
116,1994,93.3,1792984.0,vancouver,-0.583244963,2.022707757,20387,1181,20473,2.457594449,53292,40600,31900
117,1994,92.9,1792984.0,vancouver,-0.583244963,2.022707757,20387,1181,20473,2.457594449,53292,40600,31900
118,1994,92.5,1792984.0,vancouver,-0.583244963,2.022707757,20387,1181,20473,2.457594449,53292,40600,31900
119,1994,92.1,1792984.0,vancouver,-0.583244963,2.022707757,20387,1181,20473,2.457594449,53292,40600,31900
120,1994,98.7,1792984.0,vancouver,-0.583244963,2.022707757,20387,1181,20473,2.457594449,53292,40600,31900
121,1994,99.0,1792984.0,vancouver,-0.583244963,2.022707757,20387,1181,20473,2.457594449,53292,40600,31900
122,1994,98.0,1792984.0,vancouver,-0.583244963,2.022707757,20387,1181,20473,2.457594449,53292,40600,31900
123,1994,98.2,1792984.0,vancouver,-0.583244963,2.022707757,20387,1181,20473,2.457594449,53292,40600,31900
124,1994,97.8,1792984.0,vancouver,-0.583244963,2.022707757,20387,1181,20473,2.457594449,53292,40600,31900
125,1994,97.8,1792984.0,vancouver,-0.583244963,2.022707757,20387,1181,20473,2.457594449,53292,40600,31900
126,1994,96.6,1792984.0,vancouver,-0.583244963,2.022707757,20387,1181,20473,2.457594449,53292,40600,31900
127,1994,96.5,1792984.0,vancouver,-0.583244963,2.022707757,20387,1181,20473,2.457594449,53292,40600,31900
128,1994,96.1,1792984.0,vancouver,-0.583244963,2.022707757,20387,1181,20473,2.457594449,53292,40600,31900
129,1994,95.3,1792984.0,vancouver,-0.583244963,2.022707757,20387,1181,20473,2.457594449,53292,40600,31900
130,1994,94.8,1792984.0,vancouver,-0.583244963,2.022707757,20387,1181,20473,2.457594449,53292,40600,31900
131,1994,94.4,1792984.0,vancouver,-0.583244963,2.022707757,20387,1181,20473,2.457594449,53292,40600,31900
132,1994,94.1,1792984.0,vancouver,-0.583244963,2.022707757,20387,1181,20473,2.457594449,53292,40600,31900
133,1994,93.8,1792984.0,vancouver,-0.583244963,2.022707757,20387,1181,20473,2.457594449,53292,40600,31900
134,1994,93.9,1792984.0,vancouver,-0.583244963,2.022707757,20387,1181,20473,2.457594449,53292,40600,31900
135,1994,93.7,1792984.0,vancouver,-0.583244963,2.022707757,20387,1181,20473,2.457594449,53292,40600,31900
136,1994,93.3,1792984.0,vancouver,-0.583244963,2.022707757,20387,1181,20473,2.457594449,53292,40600,31900
137,1994,93.3,1792984.0,vancouver,-0.583244963,2.022707757,20387,1181,20473,2.457594449,53292,40600,31900
138,1994,93.6,1792984.0,vancouver,-0.583244963,2.022707757,20387,1181,20473,2.457594449,53292,40600,31900
139,1994,93.6,1792984.0,vancouver,-0.583244963,2.022707757,20387,1181,20473,2.457594449,53292,40600,31900
140,1994,93.6,1792984.0,vancouver,-0.583244963,2.022707757,20387,1181,20473,2.457594449,53292,40600,31900
141,1994,93.5,1792984.0,vancouver,-0.583244963,2.022707757,20387,1181,20473,2.457594449,53292,40600,31900
142,1994,93.2,1792984.0,vancouver,-0.583244963,2.022707757,20387,1181,20473,2.457594449,53292,40600,31900
143,1994,93.0,1792984.0,vancouver,-0.583244963,2.022707757,20387,1181,20473,2.457594449,53292,40600,31900
144,1995,91.8,1850604.0,vancouver,-5.155555556,2.496960628,19837,669,14992,2.457594449,55544,41500,32600
145,1995,91.2,1850604.0,vancouver,-5.155555556,2.496960628,19837,669,14992,2.457594449,55544,41500,32600
146,1995,90.3,1850604.0,vancouver,-5.155555556,2.496960628,19837,669,14992,2.457594449,55544,41500,32600
147,1995,89.9,1850604.0,vancouver,-5.155555556,2.496960628,19837,669,14992,2.457594449,55544,41500,32600
148,1995,89.8,1850604.0,vancouver,-5.155555556,2.496960628,19837,669,14992,2.457594449,55544,41500,32600
149,1995,89.2,1850604.0,vancouver,-5.155555556,2.496960628,19837,669,14992,2.457594449,55544,41500,32600
150,1995,88.6,1850604.0,vancouver,-5.155555556,2.496960628,19837,669,14992,2.457594449,55544,41500,32600
151,1995,88.5,1850604.0,vancouver,-5.155555556,2.496960628,19837,669,14992,2.457594449,55544,41500,32600
152,1995,88.2,1850604.0,vancouver,-5.155555556,2.496960628,19837,669,14992,2.457594449,55544,41500,32600
153,1995,86.9,1850604.0,vancouver,-5.155555556,2.496960628,19837,669,14992,2.457594449,55544,41500,32600
154,1995,86.4,1850604.0,vancouver,-5.155555556,2.496960628,19837,669,14992,2.457594449,55544,41500,32600
155,1995,86.2,1850604.0,vancouver,-5.155555556,2.496960628,19837,669,14992,2.457594449,55544,41500,32600
156,1995,93.9,1850604.0,vancouver,-5.155555556,2.496960628,19837,669,14992,2.457594449,55544,41500,32600
157,1995,93.0,1850604.0,vancouver,-5.155555556,2.496960628,19837,669,14992,2.457594449,55544,41500,32600
158,1995,91.7,1850604.0,vancouver,-5.155555556,2.496960628,19837,669,14992,2.457594449,55544,41500,32600
159,1995,91.2,1850604.0,vancouver,-5.155555556,2.496960628,19837,669,14992,2.457594449,55544,41500,32600
160,1995,91.4,1850604.0,vancouver,-5.155555556,2.496960628,19837,669,14992,2.457594449,55544,41500,32600
161,1995,90.8,1850604.0,vancouver,-5.155555556,2.496960628,19837,669,14992,2.457594449,55544,41500,32600
162,1995,90.1,1850604.0,vancouver,-5.155555556,2.496960628,19837,669,14992,2.457594449,55544,41500,32600
163,1995,89.9,1850604.0,vancouver,-5.155555556,2.496960628,19837,669,14992,2.457594449,55544,41500,32600
164,1995,89.3,1850604.0,vancouver,-5.155555556,2.496960628,19837,669,14992,2.457594449,55544,41500,32600
165,1995,87.6,1850604.0,vancouver,-5.155555556,2.496960628,19837,669,14992,2.457594449,55544,41500,32600
166,1995,87.0,1850604.0,vancouver,-5.155555556,2.496960628,19837,669,14992,2.457594449,55544,41500,32600
167,1995,86.7,1850604.0,vancouver,-5.155555556,2.496960628,19837,669,14992,2.457594449,55544,41500,32600
168,1995,93.0,1850604.0,vancouver,-5.155555556,2.496960628,19837,669,14992,2.457594449,55544,41500,32600
169,1995,92.7,1850604.0,vancouver,-5.155555556,2.496960628,19837,669,14992,2.457594449,55544,41500,32600
170,1995,92.4,1850604.0,vancouver,-5.155555556,2.496960628,19837,669,14992,2.457594449,55544,41500,32600
171,1995,92.3,1850604.0,vancouver,-5.155555556,2.496960628,19837,669,14992,2.457594449,55544,41500,32600
172,1995,91.7,1850604.0,vancouver,-5.155555556,2.496960628,19837,669,14992,2.457594449,55544,41500,32600
173,1995,91.1,1850604.0,vancouver,-5.155555556,2.496960628,19837,669,14992,2.457594449,55544,41500,32600
174,1995,90.8,1850604.0,vancouver,-5.155555556,2.496960628,19837,669,14992,2.457594449,55544,41500,32600
175,1995,90.9,1850604.0,vancouver,-5.155555556,2.496960628,19837,669,14992,2.457594449,55544,41500,32600
176,1995,90.8,1850604.0,vancouver,-5.155555556,2.496960628,19837,669,14992,2.457594449,55544,41500,32600
177,1995,89.9,1850604.0,vancouver,-5.155555556,2.496960628,19837,669,14992,2.457594449,55544,41500,32600
178,1995,89.7,1850604.0,vancouver,-5.155555556,2.496960628,19837,669,14992,2.457594449,55544,41500,32600
179,1995,89.6,1850604.0,vancouver,-5.155555556,2.496960628,19837,669,14992,2.457594449,55544,41500,32600
180,1996,85.8,1905312.0,vancouver,-6.091846298,0.802919708,13917,715,15453,2.457594449,57644,40100,30800
181,1996,85.5,1905312.0,vancouver,-6.091846298,0.802919708,13917,715,15453,2.457594449,57644,40100,30800
182,1996,84.7,1905312.0,vancouver,-6.091846298,0.802919708,13917,715,15453,2.457594449,57644,40100,30800
183,1996,83.6,1905312.0,vancouver,-6.091846298,0.802919708,13917,715,15453,2.457594449,57644,40100,30800
184,1996,83.5,1905312.0,vancouver,-6.091846298,0.802919708,13917,715,15453,2.457594449,57644,40100,30800
185,1996,83.3,1905312.0,vancouver,-6.091846298,0.802919708,13917,715,15453,2.457594449,57644,40100,30800
186,1996,83.2,1905312.0,vancouver,-6.091846298,0.802919708,13917,715,15453,2.457594449,57644,40100,30800
187,1996,82.9,1905312.0,vancouver,-6.091846298,0.802919708,13917,715,15453,2.457594449,57644,40100,30800
188,1996,82.8,1905312.0,vancouver,-6.091846298,0.802919708,13917,715,15453,2.457594449,57644,40100,30800
189,1996,82.3,1905312.0,vancouver,-6.091846298,0.802919708,13917,715,15453,2.457594449,57644,40100,30800
190,1996,82.4,1905312.0,vancouver,-6.091846298,0.802919708,13917,715,15453,2.457594449,57644,40100,30800
191,1996,82.0,1905312.0,vancouver,-6.091846298,0.802919708,13917,715,15453,2.457594449,57644,40100,30800
192,1996,86.3,1905312.0,vancouver,-6.091846298,0.802919708,13917,715,15453,2.457594449,57644,40100,30800
193,1996,85.7,1905312.0,vancouver,-6.091846298,0.802919708,13917,715,15453,2.457594449,57644,40100,30800
194,1996,84.6,1905312.0,vancouver,-6.091846298,0.802919708,13917,715,15453,2.457594449,57644,40100,30800
195,1996,82.9,1905312.0,vancouver,-6.091846298,0.802919708,13917,715,15453,2.457594449,57644,40100,30800
196,1996,82.6,1905312.0,vancouver,-6.091846298,0.802919708,13917,715,15453,2.457594449,57644,40100,30800
197,1996,82.2,1905312.0,vancouver,-6.091846298,0.802919708,13917,715,15453,2.457594449,57644,40100,30800
198,1996,82.1,1905312.0,vancouver,-6.091846298,0.802919708,13917,715,15453,2.457594449,57644,40100,30800
199,1996,81.8,1905312.0,vancouver,-6.091846298,0.802919708,13917,715,15453,2.457594449,57644,40100,30800
200,1996,81.8,1905312.0,vancouver,-6.091846298,0.802919708,13917,715,15453,2.457594449,57644,40100,30800
201,1996,80.8,1905312.0,vancouver,-6.091846298,0.802919708,13917,715,15453,2.457594449,57644,40100,30800
202,1996,81.0,1905312.0,vancouver,-6.091846298,0.802919708,13917,715,15453,2.457594449,57644,40100,30800
203,1996,80.2,1905312.0,vancouver,-6.091846298,0.802919708,13917,715,15453,2.457594449,57644,40100,30800
204,1996,89.5,1905312.0,vancouver,-6.091846298,0.802919708,13917,715,15453,2.457594449,57644,40100,30800
205,1996,89.5,1905312.0,vancouver,-6.091846298,0.802919708,13917,715,15453,2.457594449,57644,40100,30800
206,1996,89.3,1905312.0,vancouver,-6.091846298,0.802919708,13917,715,15453,2.457594449,57644,40100,30800
207,1996,89.2,1905312.0,vancouver,-6.091846298,0.802919708,13917,715,15453,2.457594449,57644,40100,30800
208,1996,89.4,1905312.0,vancouver,-6.091846298,0.802919708,13917,715,15453,2.457594449,57644,40100,30800
209,1996,89.4,1905312.0,vancouver,-6.091846298,0.802919708,13917,715,15453,2.457594449,57644,40100,30800
210,1996,89.4,1905312.0,vancouver,-6.091846298,0.802919708,13917,715,15453,2.457594449,57644,40100,30800
211,1996,89.5,1905312.0,vancouver,-6.091846298,0.802919708,13917,715,15453,2.457594449,57644,40100,30800
212,1996,89.3,1905312.0,vancouver,-6.091846298,0.802919708,13917,715,15453,2.457594449,57644,40100,30800
213,1996,89.1,1905312.0,vancouver,-6.091846298,0.802919708,13917,715,15453,2.457594449,57644,40100,30800
214,1996,89.1,1905312.0,vancouver,-6.091846298,0.802919708,13917,715,15453,2.457594449,57644,40100,30800
215,1996,89.1,1905312.0,vancouver,-6.091846298,0.802919708,13917,715,15453,2.457594449,57644,40100,30800
216,1997,81.9,1957766.0,vancouver,-3.183632735,0.561187545,16041,1248,15950,2.457594449,59799,41100,31700
217,1997,82.0,1957766.0,vancouver,-3.183632735,0.561187545,16041,1248,15950,2.457594449,59799,41100,31700
218,1997,81.7,1957766.0,vancouver,-3.183632735,0.561187545,16041,1248,15950,2.457594449,59799,41100,31700
219,1997,81.9,1957766.0,vancouver,-3.183632735,0.561187545,16041,1248,15950,2.457594449,59799,41100,31700
220,1997,81.9,1957766.0,vancouver,-3.183632735,0.561187545,16041,1248,15950,2.457594449,59799,41100,31700
221,1997,81.4,1957766.0,vancouver,-3.183632735,0.561187545,16041,1248,15950,2.457594449,59799,41100,31700
222,1997,80.9,1957766.0,vancouver,-3.183632735,0.561187545,16041,1248,15950,2.457594449,59799,41100,31700
223,1997,80.5,1957766.0,vancouver,-3.183632735,0.561187545,16041,1248,15950,2.457594449,59799,41100,31700
224,1997,80.2,1957766.0,vancouver,-3.183632735,0.561187545,16041,1248,15950,2.457594449,59799,41100,31700
225,1997,79.4,1957766.0,vancouver,-3.183632735,0.561187545,16041,1248,15950,2.457594449,59799,41100,31700
226,1997,79.1,1957766.0,vancouver,-3.183632735,0.561187545,16041,1248,15950,2.457594449,59799,41100,31700
227,1997,79.2,1957766.0,vancouver,-3.183632735,0.561187545,16041,1248,15950,2.457594449,59799,41100,31700
228,1997,80.1,1957766.0,vancouver,-3.183632735,0.561187545,16041,1248,15950,2.457594449,59799,41100,31700
229,1997,80.2,1957766.0,vancouver,-3.183632735,0.561187545,16041,1248,15950,2.457594449,59799,41100,31700
230,1997,80.1,1957766.0,vancouver,-3.183632735,0.561187545,16041,1248,15950,2.457594449,59799,41100,31700
231,1997,80.2,1957766.0,vancouver,-3.183632735,0.561187545,16041,1248,15950,2.457594449,59799,41100,31700
232,1997,80.1,1957766.0,vancouver,-3.183632735,0.561187545,16041,1248,15950,2.457594449,59799,41100,31700
233,1997,79.4,1957766.0,vancouver,-3.183632735,0.561187545,16041,1248,15950,2.457594449,59799,41100,31700
234,1997,78.6,1957766.0,vancouver,-3.183632735,0.561187545,16041,1248,15950,2.457594449,59799,41100,31700
235,1997,78.1,1957766.0,vancouver,-3.183632735,0.561187545,16041,1248,15950,2.457594449,59799,41100,31700
236,1997,77.8,1957766.0,vancouver,-3.183632735,0.561187545,16041,1248,15950,2.457594449,59799,41100,31700
237,1997,76.4,1957766.0,vancouver,-3.183632735,0.561187545,16041,1248,15950,2.457594449,59799,41100,31700
238,1997,76.0,1957766.0,vancouver,-3.183632735,0.561187545,16041,1248,15950,2.457594449,59799,41100,31700
239,1997,76.2,1957766.0,vancouver,-3.183632735,0.561187545,16041,1248,15950,2.457594449,59799,41100,31700
240,1997,89.2,1957766.0,vancouver,-3.183632735,0.561187545,16041,1248,15950,2.457594449,59799,41100,31700
241,1997,89.1,1957766.0,vancouver,-3.183632735,0.561187545,16041,1248,15950,2.457594449,59799,41100,31700
242,1997,88.7,1957766.0,vancouver,-3.183632735,0.561187545,16041,1248,15950,2.457594449,59799,41100,31700
243,1997,88.9,1957766.0,vancouver,-3.183632735,0.561187545,16041,1248,15950,2.457594449,59799,41100,31700
244,1997,89.0,1957766.0,vancouver,-3.183632735,0.561187545,16041,1248,15950,2.457594449,59799,41100,31700
245,1997,89.1,1957766.0,vancouver,-3.183632735,0.561187545,16041,1248,15950,2.457594449,59799,41100,31700
246,1997,89.0,1957766.0,vancouver,-3.183632735,0.561187545,16041,1248,15950,2.457594449,59799,41100,31700
247,1997,88.7,1957766.0,vancouver,-3.183632735,0.561187545,16041,1248,15950,2.457594449,59799,41100,31700
248,1997,88.5,1957766.0,vancouver,-3.183632735,0.561187545,16041,1248,15950,2.457594449,59799,41100,31700
249,1997,88.6,1957766.0,vancouver,-3.183632735,0.561187545,16041,1248,15950,2.457594449,59799,41100,31700
250,1997,88.6,1957766.0,vancouver,-3.183632735,0.561187545,16041,1248,15950,2.457594449,59799,41100,31700
251,1997,88.6,1957766.0,vancouver,-3.183632735,0.561187545,16041,1248,15950,2.457594449,59799,41100,31700
252,1998,78.5,1985550.0,vancouver,-5.061333883,0.486048605,13927,499,11878,2.457594449,59755,42200,32100
253,1998,78.4,1985550.0,vancouver,-5.061333883,0.486048605,13927,499,11878,2.457594449,59755,42200,32100
254,1998,78.1,1985550.0,vancouver,-5.061333883,0.486048605,13927,499,11878,2.457594449,59755,42200,32100
255,1998,77.2,1985550.0,vancouver,-5.061333883,0.486048605,13927,499,11878,2.457594449,59755,42200,32100
256,1998,77.2,1985550.0,vancouver,-5.061333883,0.486048605,13927,499,11878,2.457594449,59755,42200,32100
257,1998,76.9,1985550.0,vancouver,-5.061333883,0.486048605,13927,499,11878,2.457594449,59755,42200,32100
258,1998,76.8,1985550.0,vancouver,-5.061333883,0.486048605,13927,499,11878,2.457594449,59755,42200,32100
259,1998,76.5,1985550.0,vancouver,-5.061333883,0.486048605,13927,499,11878,2.457594449,59755,42200,32100
260,1998,75.8,1985550.0,vancouver,-5.061333883,0.486048605,13927,499,11878,2.457594449,59755,42200,32100
261,1998,75.4,1985550.0,vancouver,-5.061333883,0.486048605,13927,499,11878,2.457594449,59755,42200,32100
262,1998,75.2,1985550.0,vancouver,-5.061333883,0.486048605,13927,499,11878,2.457594449,59755,42200,32100
263,1998,75.0,1985550.0,vancouver,-5.061333883,0.486048605,13927,499,11878,2.457594449,59755,42200,32100
264,1998,75.2,1985550.0,vancouver,-5.061333883,0.486048605,13927,499,11878,2.457594449,59755,42200,32100
265,1998,74.9,1985550.0,vancouver,-5.061333883,0.486048605,13927,499,11878,2.457594449,59755,42200,32100
266,1998,74.5,1985550.0,vancouver,-5.061333883,0.486048605,13927,499,11878,2.457594449,59755,42200,32100
267,1998,73.3,1985550.0,vancouver,-5.061333883,0.486048605,13927,499,11878,2.457594449,59755,42200,32100
268,1998,73.5,1985550.0,vancouver,-5.061333883,0.486048605,13927,499,11878,2.457594449,59755,42200,32100
269,1998,73.2,1985550.0,vancouver,-5.061333883,0.486048605,13927,499,11878,2.457594449,59755,42200,32100
270,1998,73.1,1985550.0,vancouver,-5.061333883,0.486048605,13927,499,11878,2.457594449,59755,42200,32100
271,1998,72.6,1985550.0,vancouver,-5.061333883,0.486048605,13927,499,11878,2.457594449,59755,42200,32100
272,1998,71.8,1985550.0,vancouver,-5.061333883,0.486048605,13927,499,11878,2.457594449,59755,42200,32100
273,1998,71.5,1985550.0,vancouver,-5.061333883,0.486048605,13927,499,11878,2.457594449,59755,42200,32100
274,1998,71.2,1985550.0,vancouver,-5.061333883,0.486048605,13927,499,11878,2.457594449,59755,42200,32100
275,1998,71.0,1985550.0,vancouver,-5.061333883,0.486048605,13927,499,11878,2.457594449,59755,42200,32100
276,1998,88.5,1985550.0,vancouver,-5.061333883,0.486048605,13927,499,11878,2.457594449,59755,42200,32100
277,1998,88.5,1985550.0,vancouver,-5.061333883,0.486048605,13927,499,11878,2.457594449,59755,42200,32100
278,1998,88.6,1985550.0,vancouver,-5.061333883,0.486048605,13927,499,11878,2.457594449,59755,42200,32100
279,1998,88.4,1985550.0,vancouver,-5.061333883,0.486048605,13927,499,11878,2.457594449,59755,42200,32100
280,1998,88.0,1985550.0,vancouver,-5.061333883,0.486048605,13927,499,11878,2.457594449,59755,42200,32100
281,1998,87.5,1985550.0,vancouver,-5.061333883,0.486048605,13927,499,11878,2.457594449,59755,42200,32100
282,1998,87.6,1985550.0,vancouver,-5.061333883,0.486048605,13927,499,11878,2.457594449,59755,42200,32100
283,1998,87.7,1985550.0,vancouver,-5.061333883,0.486048605,13927,499,11878,2.457594449,59755,42200,32100
284,1998,87.3,1985550.0,vancouver,-5.061333883,0.486048605,13927,499,11878,2.457594449,59755,42200,32100
285,1998,86.7,1985550.0,vancouver,-5.061333883,0.486048605,13927,499,11878,2.457594449,59755,42200,32100
286,1998,86.7,1985550.0,vancouver,-5.061333883,0.486048605,13927,499,11878,2.457594449,59755,42200,32100
287,1998,86.6,1985550.0,vancouver,-5.061333883,0.486048605,13927,499,11878,2.457594449,59755,42200,32100
288,1999,74.3,2013081.0,vancouver,-4.006514658,0.913651021,11102,988,8677,2.457594449,62796,42200,30800
289,1999,74.1,2013081.0,vancouver,-4.006514658,0.913651021,11102,988,8677,2.457594449,62796,42200,30800
290,1999,74.0,2013081.0,vancouver,-4.006514658,0.913651021,11102,988,8677,2.457594449,62796,42200,30800
291,1999,74.0,2013081.0,vancouver,-4.006514658,0.913651021,11102,988,8677,2.457594449,62796,42200,30800
292,1999,73.7,2013081.0,vancouver,-4.006514658,0.913651021,11102,988,8677,2.457594449,62796,42200,30800
293,1999,73.6,2013081.0,vancouver,-4.006514658,0.913651021,11102,988,8677,2.457594449,62796,42200,30800
294,1999,73.7,2013081.0,vancouver,-4.006514658,0.913651021,11102,988,8677,2.457594449,62796,42200,30800
295,1999,73.6,2013081.0,vancouver,-4.006514658,0.913651021,11102,988,8677,2.457594449,62796,42200,30800
296,1999,73.3,2013081.0,vancouver,-4.006514658,0.913651021,11102,988,8677,2.457594449,62796,42200,30800
297,1999,73.2,2013081.0,vancouver,-4.006514658,0.913651021,11102,988,8677,2.457594449,62796,42200,30800
298,1999,73.2,2013081.0,vancouver,-4.006514658,0.913651021,11102,988,8677,2.457594449,62796,42200,30800
299,1999,73.4,2013081.0,vancouver,-4.006514658,0.913651021,11102,988,8677,2.457594449,62796,42200,30800
300,1999,70.0,2013081.0,vancouver,-4.006514658,0.913651021,11102,988,8677,2.457594449,62796,42200,30800
301,1999,69.7,2013081.0,vancouver,-4.006514658,0.913651021,11102,988,8677,2.457594449,62796,42200,30800
302,1999,69.7,2013081.0,vancouver,-4.006514658,0.913651021,11102,988,8677,2.457594449,62796,42200,30800
303,1999,69.7,2013081.0,vancouver,-4.006514658,0.913651021,11102,988,8677,2.457594449,62796,42200,30800
304,1999,69.6,2013081.0,vancouver,-4.006514658,0.913651021,11102,988,8677,2.457594449,62796,42200,30800
305,1999,69.4,2013081.0,vancouver,-4.006514658,0.913651021,11102,988,8677,2.457594449,62796,42200,30800
306,1999,69.5,2013081.0,vancouver,-4.006514658,0.913651021,11102,988,8677,2.457594449,62796,42200,30800
307,1999,69.3,2013081.0,vancouver,-4.006514658,0.913651021,11102,988,8677,2.457594449,62796,42200,30800
308,1999,69.0,2013081.0,vancouver,-4.006514658,0.913651021,11102,988,8677,2.457594449,62796,42200,30800
309,1999,68.8,2013081.0,vancouver,-4.006514658,0.913651021,11102,988,8677,2.457594449,62796,42200,30800
310,1999,68.8,2013081.0,vancouver,-4.006514658,0.913651021,11102,988,8677,2.457594449,62796,42200,30800
311,1999,69.1,2013081.0,vancouver,-4.006514658,0.913651021,11102,988,8677,2.457594449,62796,42200,30800
312,1999,86.7,2013081.0,vancouver,-4.006514658,0.913651021,11102,988,8677,2.457594449,62796,42200,30800
313,1999,86.4,2013081.0,vancouver,-4.006514658,0.913651021,11102,988,8677,2.457594449,62796,42200,30800
314,1999,86.6,2013081.0,vancouver,-4.006514658,0.913651021,11102,988,8677,2.457594449,62796,42200,30800
315,1999,86.4,2013081.0,vancouver,-4.006514658,0.913651021,11102,988,8677,2.457594449,62796,42200,30800
316,1999,85.9,2013081.0,vancouver,-4.006514658,0.913651021,11102,988,8677,2.457594449,62796,42200,30800
317,1999,85.9,2013081.0,vancouver,-4.006514658,0.913651021,11102,988,8677,2.457594449,62796,42200,30800
318,1999,85.9,2013081.0,vancouver,-4.006514658,0.913651021,11102,988,8677,2.457594449,62796,42200,30800
319,1999,85.9,2013081.0,vancouver,-4.006514658,0.913651021,11102,988,8677,2.457594449,62796,42200,30800
320,1999,85.9,2013081.0,vancouver,-4.006514658,0.913651021,11102,988,8677,2.457594449,62796,42200,30800
321,1999,85.9,2013081.0,vancouver,-4.006514658,0.913651021,11102,988,8677,2.457594449,62796,42200,30800
322,1999,85.9,2013081.0,vancouver,-4.006514658,0.913651021,11102,988,8677,2.457594449,62796,42200,30800
323,1999,85.9,2013081.0,vancouver,-4.006514658,0.913651021,11102,988,8677,2.457594449,62796,42200,30800
324,2000,73.2,2040832.0,vancouver,-0.950118765,2.254571276,9106,1145,8203,2.457594449,64967,42600,30800
325,2000,73.4,2040832.0,vancouver,-0.950118765,2.254571276,9106,1145,8203,2.457594449,64967,42600,30800
326,2000,73.0,2040832.0,vancouver,-0.950118765,2.254571276,9106,1145,8203,2.457594449,64967,42600,30800
327,2000,73.1,2040832.0,vancouver,-0.950118765,2.254571276,9106,1145,8203,2.457594449,64967,42600,30800
328,2000,73.0,2040832.0,vancouver,-0.950118765,2.254571276,9106,1145,8203,2.457594449,64967,42600,30800
329,2000,72.9,2040832.0,vancouver,-0.950118765,2.254571276,9106,1145,8203,2.457594449,64967,42600,30800
330,2000,72.9,2040832.0,vancouver,-0.950118765,2.254571276,9106,1145,8203,2.457594449,64967,42600,30800
331,2000,72.9,2040832.0,vancouver,-0.950118765,2.254571276,9106,1145,8203,2.457594449,64967,42600,30800
332,2000,72.9,2040832.0,vancouver,-0.950118765,2.254571276,9106,1145,8203,2.457594449,64967,42600,30800
333,2000,72.9,2040832.0,vancouver,-0.950118765,2.254571276,9106,1145,8203,2.457594449,64967,42600,30800
334,2000,72.9,2040832.0,vancouver,-0.950118765,2.254571276,9106,1145,8203,2.457594449,64967,42600,30800
335,2000,72.6,2040832.0,vancouver,-0.950118765,2.254571276,9106,1145,8203,2.457594449,64967,42600,30800
336,2000,69.0,2040832.0,vancouver,-0.950118765,2.254571276,9106,1145,8203,2.457594449,64967,42600,30800
337,2000,69.2,2040832.0,vancouver,-0.950118765,2.254571276,9106,1145,8203,2.457594449,64967,42600,30800
338,2000,68.6,2040832.0,vancouver,-0.950118765,2.254571276,9106,1145,8203,2.457594449,64967,42600,30800
339,2000,68.7,2040832.0,vancouver,-0.950118765,2.254571276,9106,1145,8203,2.457594449,64967,42600,30800
340,2000,68.6,2040832.0,vancouver,-0.950118765,2.254571276,9106,1145,8203,2.457594449,64967,42600,30800
341,2000,68.6,2040832.0,vancouver,-0.950118765,2.254571276,9106,1145,8203,2.457594449,64967,42600,30800
342,2000,68.4,2040832.0,vancouver,-0.950118765,2.254571276,9106,1145,8203,2.457594449,64967,42600,30800
343,2000,68.5,2040832.0,vancouver,-0.950118765,2.254571276,9106,1145,8203,2.457594449,64967,42600,30800
344,2000,68.5,2040832.0,vancouver,-0.950118765,2.254571276,9106,1145,8203,2.457594449,64967,42600,30800
345,2000,68.5,2040832.0,vancouver,-0.950118765,2.254571276,9106,1145,8203,2.457594449,64967,42600,30800
346,2000,68.5,2040832.0,vancouver,-0.950118765,2.254571276,9106,1145,8203,2.457594449,64967,42600,30800
347,2000,68.1,2040832.0,vancouver,-0.950118765,2.254571276,9106,1145,8203,2.457594449,64967,42600,30800
348,2000,85.9,2040832.0,vancouver,-0.950118765,2.254571276,9106,1145,8203,2.457594449,64967,42600,30800
349,2000,85.9,2040832.0,vancouver,-0.950118765,2.254571276,9106,1145,8203,2.457594449,64967,42600,30800
350,2000,85.9,2040832.0,vancouver,-0.950118765,2.254571276,9106,1145,8203,2.457594449,64967,42600,30800
351,2000,85.8,2040832.0,vancouver,-0.950118765,2.254571276,9106,1145,8203,2.457594449,64967,42600,30800
352,2000,85.8,2040832.0,vancouver,-0.950118765,2.254571276,9106,1145,8203,2.457594449,64967,42600,30800
353,2000,85.8,2040832.0,vancouver,-0.950118765,2.254571276,9106,1145,8203,2.457594449,64967,42600,30800
354,2000,85.8,2040832.0,vancouver,-0.950118765,2.254571276,9106,1145,8203,2.457594449,64967,42600,30800
355,2000,85.8,2040832.0,vancouver,-0.950118765,2.254571276,9106,1145,8203,2.457594449,64967,42600,30800
356,2000,85.8,2040832.0,vancouver,-0.950118765,2.254571276,9106,1145,8203,2.457594449,64967,42600,30800
357,2000,85.8,2040832.0,vancouver,-0.950118765,2.254571276,9106,1145,8203,2.457594449,64967,42600,30800
358,2000,85.8,2040832.0,vancouver,-0.950118765,2.254571276,9106,1145,8203,2.457594449,64967,42600,30800
359,2000,85.8,2040832.0,vancouver,-0.950118765,2.254571276,9106,1145,8203,2.457594449,64967,42600,30800
360,2001,72.7,2074543.0000000002,vancouver,0.730843896,1.822916667,8004,2721,10862,2.457594449,64132,41900,31000
361,2001,72.8,2074543.0000000002,vancouver,0.730843896,1.822916667,8004,2721,10862,2.457594449,64132,41900,31000
362,2001,72.9,2074543.0000000002,vancouver,0.730843896,1.822916667,8004,2721,10862,2.457594449,64132,41900,31000
363,2001,72.9,2074543.0000000002,vancouver,0.730843896,1.822916667,8004,2721,10862,2.457594449,64132,41900,31000
364,2001,73.1,2074543.0000000002,vancouver,0.730843896,1.822916667,8004,2721,10862,2.457594449,64132,41900,31000
365,2001,73.2,2074543.0000000002,vancouver,0.730843896,1.822916667,8004,2721,10862,2.457594449,64132,41900,31000
366,2001,73.6,2074543.0000000002,vancouver,0.730843896,1.822916667,8004,2721,10862,2.457594449,64132,41900,31000
367,2001,73.7,2074543.0000000002,vancouver,0.730843896,1.822916667,8004,2721,10862,2.457594449,64132,41900,31000
368,2001,74.0,2074543.0000000002,vancouver,0.730843896,1.822916667,8004,2721,10862,2.457594449,64132,41900,31000
369,2001,74.3,2074543.0000000002,vancouver,0.730843896,1.822916667,8004,2721,10862,2.457594449,64132,41900,31000
370,2001,74.5,2074543.0000000002,vancouver,0.730843896,1.822916667,8004,2721,10862,2.457594449,64132,41900,31000
371,2001,74.4,2074543.0000000002,vancouver,0.730843896,1.822916667,8004,2721,10862,2.457594449,64132,41900,31000
372,2001,68.1,2074543.0000000002,vancouver,0.730843896,1.822916667,8004,2721,10862,2.457594449,64132,41900,31000
373,2001,68.3,2074543.0000000002,vancouver,0.730843896,1.822916667,8004,2721,10862,2.457594449,64132,41900,31000
374,2001,68.5,2074543.0000000002,vancouver,0.730843896,1.822916667,8004,2721,10862,2.457594449,64132,41900,31000
375,2001,68.6,2074543.0000000002,vancouver,0.730843896,1.822916667,8004,2721,10862,2.457594449,64132,41900,31000
376,2001,68.7,2074543.0000000002,vancouver,0.730843896,1.822916667,8004,2721,10862,2.457594449,64132,41900,31000
377,2001,68.8,2074543.0000000002,vancouver,0.730843896,1.822916667,8004,2721,10862,2.457594449,64132,41900,31000
378,2001,69.4,2074543.0000000002,vancouver,0.730843896,1.822916667,8004,2721,10862,2.457594449,64132,41900,31000
379,2001,69.6,2074543.0000000002,vancouver,0.730843896,1.822916667,8004,2721,10862,2.457594449,64132,41900,31000
380,2001,70.0,2074543.0000000002,vancouver,0.730843896,1.822916667,8004,2721,10862,2.457594449,64132,41900,31000
381,2001,70.3,2074543.0000000002,vancouver,0.730843896,1.822916667,8004,2721,10862,2.457594449,64132,41900,31000
382,2001,70.6,2074543.0000000002,vancouver,0.730843896,1.822916667,8004,2721,10862,2.457594449,64132,41900,31000
383,2001,70.6,2074543.0000000002,vancouver,0.730843896,1.822916667,8004,2721,10862,2.457594449,64132,41900,31000
384,2001,85.8,2074543.0000000002,vancouver,0.730843896,1.822916667,8004,2721,10862,2.457594449,64132,41900,31000
385,2001,85.8,2074543.0000000002,vancouver,0.730843896,1.822916667,8004,2721,10862,2.457594449,64132,41900,31000
386,2001,85.8,2074543.0000000002,vancouver,0.730843896,1.822916667,8004,2721,10862,2.457594449,64132,41900,31000
387,2001,85.8,2074543.0000000002,vancouver,0.730843896,1.822916667,8004,2721,10862,2.457594449,64132,41900,31000
388,2001,85.8,2074543.0000000002,vancouver,0.730843896,1.822916667,8004,2721,10862,2.457594449,64132,41900,31000
389,2001,85.8,2074543.0000000002,vancouver,0.730843896,1.822916667,8004,2721,10862,2.457594449,64132,41900,31000
390,2001,85.8,2074543.0000000002,vancouver,0.730843896,1.822916667,8004,2721,10862,2.457594449,64132,41900,31000
391,2001,85.8,2074543.0000000002,vancouver,0.730843896,1.822916667,8004,2721,10862,2.457594449,64132,41900,31000
392,2001,85.8,2074543.0000000002,vancouver,0.730843896,1.822916667,8004,2721,10862,2.457594449,64132,41900,31000
393,2001,85.8,2074543.0000000002,vancouver,0.730843896,1.822916667,8004,2721,10862,2.457594449,64132,41900,31000
394,2001,85.8,2074543.0000000002,vancouver,0.730843896,1.822916667,8004,2721,10862,2.457594449,64132,41900,31000
395,2001,85.8,2074543.0000000002,vancouver,0.730843896,1.822916667,8004,2721,10862,2.457594449,64132,41900,31000
396,2002,74.6,2098155.0,vancouver,2.482711711,2.301790281,12068,1302,13197,2.457594449,69063,43200,29900
397,2002,74.8,2098155.0,vancouver,2.482711711,2.301790281,12068,1302,13197,2.457594449,69063,43200,29900
398,2002,75.0,2098155.0,vancouver,2.482711711,2.301790281,12068,1302,13197,2.457594449,69063,43200,29900
399,2002,75.3,2098155.0,vancouver,2.482711711,2.301790281,12068,1302,13197,2.457594449,69063,43200,29900
400,2002,75.3,2098155.0,vancouver,2.482711711,2.301790281,12068,1302,13197,2.457594449,69063,43200,29900
401,2002,75.3,2098155.0,vancouver,2.482711711,2.301790281,12068,1302,13197,2.457594449,69063,43200,29900
402,2002,75.3,2098155.0,vancouver,2.482711711,2.301790281,12068,1302,13197,2.457594449,69063,43200,29900
403,2002,75.3,2098155.0,vancouver,2.482711711,2.301790281,12068,1302,13197,2.457594449,69063,43200,29900
404,2002,75.5,2098155.0,vancouver,2.482711711,2.301790281,12068,1302,13197,2.457594449,69063,43200,29900
405,2002,75.8,2098155.0,vancouver,2.482711711,2.301790281,12068,1302,13197,2.457594449,69063,43200,29900
406,2002,75.9,2098155.0,vancouver,2.482711711,2.301790281,12068,1302,13197,2.457594449,69063,43200,29900
407,2002,75.9,2098155.0,vancouver,2.482711711,2.301790281,12068,1302,13197,2.457594449,69063,43200,29900
408,2002,70.8,2098155.0,vancouver,2.482711711,2.301790281,12068,1302,13197,2.457594449,69063,43200,29900
409,2002,71.0,2098155.0,vancouver,2.482711711,2.301790281,12068,1302,13197,2.457594449,69063,43200,29900
410,2002,71.4,2098155.0,vancouver,2.482711711,2.301790281,12068,1302,13197,2.457594449,69063,43200,29900
411,2002,71.7,2098155.0,vancouver,2.482711711,2.301790281,12068,1302,13197,2.457594449,69063,43200,29900
412,2002,71.9,2098155.0,vancouver,2.482711711,2.301790281,12068,1302,13197,2.457594449,69063,43200,29900
413,2002,71.9,2098155.0,vancouver,2.482711711,2.301790281,12068,1302,13197,2.457594449,69063,43200,29900
414,2002,71.9,2098155.0,vancouver,2.482711711,2.301790281,12068,1302,13197,2.457594449,69063,43200,29900
415,2002,71.9,2098155.0,vancouver,2.482711711,2.301790281,12068,1302,13197,2.457594449,69063,43200,29900
416,2002,72.0,2098155.0,vancouver,2.482711711,2.301790281,12068,1302,13197,2.457594449,69063,43200,29900
417,2002,72.6,2098155.0,vancouver,2.482711711,2.301790281,12068,1302,13197,2.457594449,69063,43200,29900
418,2002,72.8,2098155.0,vancouver,2.482711711,2.301790281,12068,1302,13197,2.457594449,69063,43200,29900
419,2002,72.8,2098155.0,vancouver,2.482711711,2.301790281,12068,1302,13197,2.457594449,69063,43200,29900
420,2002,85.9,2098155.0,vancouver,2.482711711,2.301790281,12068,1302,13197,2.457594449,69063,43200,29900
421,2002,85.9,2098155.0,vancouver,2.482711711,2.301790281,12068,1302,13197,2.457594449,69063,43200,29900
422,2002,85.9,2098155.0,vancouver,2.482711711,2.301790281,12068,1302,13197,2.457594449,69063,43200,29900
423,2002,86.2,2098155.0,vancouver,2.482711711,2.301790281,12068,1302,13197,2.457594449,69063,43200,29900
424,2002,85.9,2098155.0,vancouver,2.482711711,2.301790281,12068,1302,13197,2.457594449,69063,43200,29900
425,2002,85.9,2098155.0,vancouver,2.482711711,2.301790281,12068,1302,13197,2.457594449,69063,43200,29900
426,2002,85.9,2098155.0,vancouver,2.482711711,2.301790281,12068,1302,13197,2.457594449,69063,43200,29900
427,2002,85.9,2098155.0,vancouver,2.482711711,2.301790281,12068,1302,13197,2.457594449,69063,43200,29900
428,2002,85.9,2098155.0,vancouver,2.482711711,2.301790281,12068,1302,13197,2.457594449,69063,43200,29900
429,2002,85.9,2098155.0,vancouver,2.482711711,2.301790281,12068,1302,13197,2.457594449,69063,43200,29900
430,2002,85.9,2098155.0,vancouver,2.482711711,2.301790281,12068,1302,13197,2.457594449,69063,43200,29900
431,2002,85.9,2098155.0,vancouver,2.482711711,2.301790281,12068,1302,13197,2.457594449,69063,43200,29900
432,2003,76.2,2115570.0,vancouver,3.296460177,2.016666667,13394,944,15626,2.59618098,67710,42200,29900
433,2003,76.8,2115570.0,vancouver,3.296460177,2.016666667,13394,944,15626,2.59618098,67710,42200,29900
434,2003,77.1,2115570.0,vancouver,3.296460177,2.016666667,13394,944,15626,2.59618098,67710,42200,29900
435,2003,77.3,2115570.0,vancouver,3.296460177,2.016666667,13394,944,15626,2.59618098,67710,42200,29900
436,2003,78.0,2115570.0,vancouver,3.296460177,2.016666667,13394,944,15626,2.59618098,67710,42200,29900
437,2003,78.0,2115570.0,vancouver,3.296460177,2.016666667,13394,944,15626,2.59618098,67710,42200,29900
438,2003,78.1,2115570.0,vancouver,3.296460177,2.016666667,13394,944,15626,2.59618098,67710,42200,29900
439,2003,78.0,2115570.0,vancouver,3.296460177,2.016666667,13394,944,15626,2.59618098,67710,42200,29900
440,2003,78.1,2115570.0,vancouver,3.296460177,2.016666667,13394,944,15626,2.59618098,67710,42200,29900
441,2003,78.5,2115570.0,vancouver,3.296460177,2.016666667,13394,944,15626,2.59618098,67710,42200,29900
442,2003,78.8,2115570.0,vancouver,3.296460177,2.016666667,13394,944,15626,2.59618098,67710,42200,29900
443,2003,78.9,2115570.0,vancouver,3.296460177,2.016666667,13394,944,15626,2.59618098,67710,42200,29900
444,2003,73.2,2115570.0,vancouver,3.296460177,2.016666667,13394,944,15626,2.59618098,67710,42200,29900
445,2003,74.2,2115570.0,vancouver,3.296460177,2.016666667,13394,944,15626,2.59618098,67710,42200,29900
446,2003,74.5,2115570.0,vancouver,3.296460177,2.016666667,13394,944,15626,2.59618098,67710,42200,29900
447,2003,74.8,2115570.0,vancouver,3.296460177,2.016666667,13394,944,15626,2.59618098,67710,42200,29900
448,2003,75.4,2115570.0,vancouver,3.296460177,2.016666667,13394,944,15626,2.59618098,67710,42200,29900
449,2003,75.4,2115570.0,vancouver,3.296460177,2.016666667,13394,944,15626,2.59618098,67710,42200,29900
450,2003,75.5,2115570.0,vancouver,3.296460177,2.016666667,13394,944,15626,2.59618098,67710,42200,29900
451,2003,75.4,2115570.0,vancouver,3.296460177,2.016666667,13394,944,15626,2.59618098,67710,42200,29900
452,2003,75.5,2115570.0,vancouver,3.296460177,2.016666667,13394,944,15626,2.59618098,67710,42200,29900
453,2003,76.0,2115570.0,vancouver,3.296460177,2.016666667,13394,944,15626,2.59618098,67710,42200,29900
454,2003,76.5,2115570.0,vancouver,3.296460177,2.016666667,13394,944,15626,2.59618098,67710,42200,29900
455,2003,76.6,2115570.0,vancouver,3.296460177,2.016666667,13394,944,15626,2.59618098,67710,42200,29900
456,2003,85.9,2115570.0,vancouver,3.296460177,2.016666667,13394,944,15626,2.59618098,67710,42200,29900
457,2003,85.9,2115570.0,vancouver,3.296460177,2.016666667,13394,944,15626,2.59618098,67710,42200,29900
458,2003,85.9,2115570.0,vancouver,3.296460177,2.016666667,13394,944,15626,2.59618098,67710,42200,29900
459,2003,85.9,2115570.0,vancouver,3.296460177,2.016666667,13394,944,15626,2.59618098,67710,42200,29900
460,2003,86.7,2115570.0,vancouver,3.296460177,2.016666667,13394,944,15626,2.59618098,67710,42200,29900
461,2003,86.9,2115570.0,vancouver,3.296460177,2.016666667,13394,944,15626,2.59618098,67710,42200,29900
462,2003,86.9,2115570.0,vancouver,3.296460177,2.016666667,13394,944,15626,2.59618098,67710,42200,29900
463,2003,86.9,2115570.0,vancouver,3.296460177,2.016666667,13394,944,15626,2.59618098,67710,42200,29900
464,2003,87.1,2115570.0,vancouver,3.296460177,2.016666667,13394,944,15626,2.59618098,67710,42200,29900
465,2003,87.1,2115570.0,vancouver,3.296460177,2.016666667,13394,944,15626,2.59618098,67710,42200,29900
466,2003,87.1,2115570.0,vancouver,3.296460177,2.016666667,13394,944,15626,2.59618098,67710,42200,29900
467,2003,87.1,2115570.0,vancouver,3.296460177,2.016666667,13394,944,15626,2.59618098,67710,42200,29900
468,2004,80.1,2133234.0,vancouver,4.926108374,1.976801176,14302,746,19430,1.063537178,70029,42800,29400
469,2004,80.2,2133234.0,vancouver,4.926108374,1.976801176,14302,746,19430,1.063537178,70029,42800,29400
470,2004,80.6,2133234.0,vancouver,4.926108374,1.976801176,14302,746,19430,1.063537178,70029,42800,29400
471,2004,80.9,2133234.0,vancouver,4.926108374,1.976801176,14302,746,19430,1.063537178,70029,42800,29400
472,2004,81.6,2133234.0,vancouver,4.926108374,1.976801176,14302,746,19430,1.063537178,70029,42800,29400
473,2004,81.7,2133234.0,vancouver,4.926108374,1.976801176,14302,746,19430,1.063537178,70029,42800,29400
474,2004,81.8,2133234.0,vancouver,4.926108374,1.976801176,14302,746,19430,1.063537178,70029,42800,29400
475,2004,82.3,2133234.0,vancouver,4.926108374,1.976801176,14302,746,19430,1.063537178,70029,42800,29400
476,2004,82.4,2133234.0,vancouver,4.926108374,1.976801176,14302,746,19430,1.063537178,70029,42800,29400
477,2004,82.4,2133234.0,vancouver,4.926108374,1.976801176,14302,746,19430,1.063537178,70029,42800,29400
478,2004,82.8,2133234.0,vancouver,4.926108374,1.976801176,14302,746,19430,1.063537178,70029,42800,29400
479,2004,83.0,2133234.0,vancouver,4.926108374,1.976801176,14302,746,19430,1.063537178,70029,42800,29400
480,2004,77.9,2133234.0,vancouver,4.926108374,1.976801176,14302,746,19430,1.063537178,70029,42800,29400
481,2004,78.1,2133234.0,vancouver,4.926108374,1.976801176,14302,746,19430,1.063537178,70029,42800,29400
482,2004,78.7,2133234.0,vancouver,4.926108374,1.976801176,14302,746,19430,1.063537178,70029,42800,29400
483,2004,79.2,2133234.0,vancouver,4.926108374,1.976801176,14302,746,19430,1.063537178,70029,42800,29400
484,2004,79.9,2133234.0,vancouver,4.926108374,1.976801176,14302,746,19430,1.063537178,70029,42800,29400
485,2004,80.1,2133234.0,vancouver,4.926108374,1.976801176,14302,746,19430,1.063537178,70029,42800,29400
486,2004,80.2,2133234.0,vancouver,4.926108374,1.976801176,14302,746,19430,1.063537178,70029,42800,29400
487,2004,80.8,2133234.0,vancouver,4.926108374,1.976801176,14302,746,19430,1.063537178,70029,42800,29400
488,2004,81.0,2133234.0,vancouver,4.926108374,1.976801176,14302,746,19430,1.063537178,70029,42800,29400
489,2004,81.1,2133234.0,vancouver,4.926108374,1.976801176,14302,746,19430,1.063537178,70029,42800,29400
490,2004,81.7,2133234.0,vancouver,4.926108374,1.976801176,14302,746,19430,1.063537178,70029,42800,29400
491,2004,81.8,2133234.0,vancouver,4.926108374,1.976801176,14302,746,19430,1.063537178,70029,42800,29400
492,2004,87.7,2133234.0,vancouver,4.926108374,1.976801176,14302,746,19430,1.063537178,70029,42800,29400
493,2004,87.7,2133234.0,vancouver,4.926108374,1.976801176,14302,746,19430,1.063537178,70029,42800,29400
494,2004,87.7,2133234.0,vancouver,4.926108374,1.976801176,14302,746,19430,1.063537178,70029,42800,29400
495,2004,87.7,2133234.0,vancouver,4.926108374,1.976801176,14302,746,19430,1.063537178,70029,42800,29400
496,2004,87.7,2133234.0,vancouver,4.926108374,1.976801176,14302,746,19430,1.063537178,70029,42800,29400
497,2004,87.7,2133234.0,vancouver,4.926108374,1.976801176,14302,746,19430,1.063537178,70029,42800,29400
498,2004,87.7,2133234.0,vancouver,4.926108374,1.976801176,14302,746,19430,1.063537178,70029,42800,29400
499,2004,87.7,2133234.0,vancouver,4.926108374,1.976801176,14302,746,19430,1.063537178,70029,42800,29400
500,2004,87.7,2133234.0,vancouver,4.926108374,1.976801176,14302,746,19430,1.063537178,70029,42800,29400
501,2004,87.7,2133234.0,vancouver,4.926108374,1.976801176,14302,746,19430,1.063537178,70029,42800,29400
502,2004,87.7,2133234.0,vancouver,4.926108374,1.976801176,14302,746,19430,1.063537178,70029,42800,29400
503,2004,88.0,2133234.0,vancouver,4.926108374,1.976801176,14302,746,19430,1.063537178,70029,42800,29400
504,2005,83.0,2159016.0,vancouver,4.378444581,1.89842999,15834,586,18914,2.186337658,76025,42900,30800
505,2005,83.1,2159016.0,vancouver,4.378444581,1.89842999,15834,586,18914,2.186337658,76025,42900,30800
506,2005,83.1,2159016.0,vancouver,4.378444581,1.89842999,15834,586,18914,2.186337658,76025,42900,30800
507,2005,84.4,2159016.0,vancouver,4.378444581,1.89842999,15834,586,18914,2.186337658,76025,42900,30800
508,2005,85.6,2159016.0,vancouver,4.378444581,1.89842999,15834,586,18914,2.186337658,76025,42900,30800
509,2005,85.6,2159016.0,vancouver,4.378444581,1.89842999,15834,586,18914,2.186337658,76025,42900,30800
510,2005,86.0,2159016.0,vancouver,4.378444581,1.89842999,15834,586,18914,2.186337658,76025,42900,30800
511,2005,86.0,2159016.0,vancouver,4.378444581,1.89842999,15834,586,18914,2.186337658,76025,42900,30800
512,2005,86.3,2159016.0,vancouver,4.378444581,1.89842999,15834,586,18914,2.186337658,76025,42900,30800
513,2005,86.3,2159016.0,vancouver,4.378444581,1.89842999,15834,586,18914,2.186337658,76025,42900,30800
514,2005,86.5,2159016.0,vancouver,4.378444581,1.89842999,15834,586,18914,2.186337658,76025,42900,30800
515,2005,86.8,2159016.0,vancouver,4.378444581,1.89842999,15834,586,18914,2.186337658,76025,42900,30800
516,2005,81.7,2159016.0,vancouver,4.378444581,1.89842999,15834,586,18914,2.186337658,76025,42900,30800
517,2005,81.8,2159016.0,vancouver,4.378444581,1.89842999,15834,586,18914,2.186337658,76025,42900,30800
518,2005,81.8,2159016.0,vancouver,4.378444581,1.89842999,15834,586,18914,2.186337658,76025,42900,30800
519,2005,82.2,2159016.0,vancouver,4.378444581,1.89842999,15834,586,18914,2.186337658,76025,42900,30800
520,2005,82.9,2159016.0,vancouver,4.378444581,1.89842999,15834,586,18914,2.186337658,76025,42900,30800
521,2005,82.9,2159016.0,vancouver,4.378444581,1.89842999,15834,586,18914,2.186337658,76025,42900,30800
522,2005,83.2,2159016.0,vancouver,4.378444581,1.89842999,15834,586,18914,2.186337658,76025,42900,30800
523,2005,83.1,2159016.0,vancouver,4.378444581,1.89842999,15834,586,18914,2.186337658,76025,42900,30800
524,2005,83.5,2159016.0,vancouver,4.378444581,1.89842999,15834,586,18914,2.186337658,76025,42900,30800
525,2005,83.5,2159016.0,vancouver,4.378444581,1.89842999,15834,586,18914,2.186337658,76025,42900,30800
526,2005,83.6,2159016.0,vancouver,4.378444581,1.89842999,15834,586,18914,2.186337658,76025,42900,30800
527,2005,84.0,2159016.0,vancouver,4.378444581,1.89842999,15834,586,18914,2.186337658,76025,42900,30800
528,2005,88.0,2159016.0,vancouver,4.378444581,1.89842999,15834,586,18914,2.186337658,76025,42900,30800
529,2005,88.0,2159016.0,vancouver,4.378444581,1.89842999,15834,586,18914,2.186337658,76025,42900,30800
530,2005,88.2,2159016.0,vancouver,4.378444581,1.89842999,15834,586,18914,2.186337658,76025,42900,30800
531,2005,91.0,2159016.0,vancouver,4.378444581,1.89842999,15834,586,18914,2.186337658,76025,42900,30800
532,2005,93.1,2159016.0,vancouver,4.378444581,1.89842999,15834,586,18914,2.186337658,76025,42900,30800
533,2005,93.1,2159016.0,vancouver,4.378444581,1.89842999,15834,586,18914,2.186337658,76025,42900,30800
534,2005,93.1,2159016.0,vancouver,4.378444581,1.89842999,15834,586,18914,2.186337658,76025,42900,30800
535,2005,93.1,2159016.0,vancouver,4.378444581,1.89842999,15834,586,18914,2.186337658,76025,42900,30800
536,2005,93.1,2159016.0,vancouver,4.378444581,1.89842999,15834,586,18914,2.186337658,76025,42900,30800
537,2005,93.1,2159016.0,vancouver,4.378444581,1.89842999,15834,586,18914,2.186337658,76025,42900,30800
538,2005,93.1,2159016.0,vancouver,4.378444581,1.89842999,15834,586,18914,2.186337658,76025,42900,30800
539,2005,93.2,2159016.0,vancouver,4.378444581,1.89842999,15834,586,18914,2.186337658,76025,42900,30800
540,2006,87.8,2188844.0,vancouver,6.864183045,1.855200063,18072,509,18705,1.908735795,77212,44500,31500
541,2006,88.5,2188844.0,vancouver,6.864183045,1.855200063,18072,509,18705,1.908735795,77212,44500,31500
542,2006,88.8,2188844.0,vancouver,6.864183045,1.855200063,18072,509,18705,1.908735795,77212,44500,31500
543,2006,89.6,2188844.0,vancouver,6.864183045,1.855200063,18072,509,18705,1.908735795,77212,44500,31500
544,2006,89.9,2188844.0,vancouver,6.864183045,1.855200063,18072,509,18705,1.908735795,77212,44500,31500
545,2006,90.1,2188844.0,vancouver,6.864183045,1.855200063,18072,509,18705,1.908735795,77212,44500,31500
546,2006,90.5,2188844.0,vancouver,6.864183045,1.855200063,18072,509,18705,1.908735795,77212,44500,31500
547,2006,92.8,2188844.0,vancouver,6.864183045,1.855200063,18072,509,18705,1.908735795,77212,44500,31500
548,2006,93.3,2188844.0,vancouver,6.864183045,1.855200063,18072,509,18705,1.908735795,77212,44500,31500
549,2006,93.8,2188844.0,vancouver,6.864183045,1.855200063,18072,509,18705,1.908735795,77212,44500,31500
550,2006,93.9,2188844.0,vancouver,6.864183045,1.855200063,18072,509,18705,1.908735795,77212,44500,31500
551,2006,93.9,2188844.0,vancouver,6.864183045,1.855200063,18072,509,18705,1.908735795,77212,44500,31500
552,2006,85.6,2188844.0,vancouver,6.864183045,1.855200063,18072,509,18705,1.908735795,77212,44500,31500
553,2006,86.9,2188844.0,vancouver,6.864183045,1.855200063,18072,509,18705,1.908735795,77212,44500,31500
554,2006,87.3,2188844.0,vancouver,6.864183045,1.855200063,18072,509,18705,1.908735795,77212,44500,31500
555,2006,88.4,2188844.0,vancouver,6.864183045,1.855200063,18072,509,18705,1.908735795,77212,44500,31500
556,2006,88.8,2188844.0,vancouver,6.864183045,1.855200063,18072,509,18705,1.908735795,77212,44500,31500
557,2006,89.0,2188844.0,vancouver,6.864183045,1.855200063,18072,509,18705,1.908735795,77212,44500,31500
558,2006,89.8,2188844.0,vancouver,6.864183045,1.855200063,18072,509,18705,1.908735795,77212,44500,31500
559,2006,92.9,2188844.0,vancouver,6.864183045,1.855200063,18072,509,18705,1.908735795,77212,44500,31500
560,2006,93.8,2188844.0,vancouver,6.864183045,1.855200063,18072,509,18705,1.908735795,77212,44500,31500
561,2006,94.4,2188844.0,vancouver,6.864183045,1.855200063,18072,509,18705,1.908735795,77212,44500,31500
562,2006,94.5,2188844.0,vancouver,6.864183045,1.855200063,18072,509,18705,1.908735795,77212,44500,31500
563,2006,94.5,2188844.0,vancouver,6.864183045,1.855200063,18072,509,18705,1.908735795,77212,44500,31500
564,2006,93.4,2188844.0,vancouver,6.864183045,1.855200063,18072,509,18705,1.908735795,77212,44500,31500
565,2006,93.4,2188844.0,vancouver,6.864183045,1.855200063,18072,509,18705,1.908735795,77212,44500,31500
566,2006,93.4,2188844.0,vancouver,6.864183045,1.855200063,18072,509,18705,1.908735795,77212,44500,31500
567,2006,93.8,2188844.0,vancouver,6.864183045,1.855200063,18072,509,18705,1.908735795,77212,44500,31500
568,2006,93.8,2188844.0,vancouver,6.864183045,1.855200063,18072,509,18705,1.908735795,77212,44500,31500
569,2006,93.8,2188844.0,vancouver,6.864183045,1.855200063,18072,509,18705,1.908735795,77212,44500,31500
570,2006,93.9,2188844.0,vancouver,6.864183045,1.855200063,18072,509,18705,1.908735795,77212,44500,31500
571,2006,93.9,2188844.0,vancouver,6.864183045,1.855200063,18072,509,18705,1.908735795,77212,44500,31500
572,2006,93.9,2188844.0,vancouver,6.864183045,1.855200063,18072,509,18705,1.908735795,77212,44500,31500
573,2006,93.9,2188844.0,vancouver,6.864183045,1.855200063,18072,509,18705,1.908735795,77212,44500,31500
574,2006,93.9,2188844.0,vancouver,6.864183045,1.855200063,18072,509,18705,1.908735795,77212,44500,31500
575,2006,93.9,2188844.0,vancouver,6.864183045,1.855200063,18072,509,18705,1.908735795,77212,44500,31500
576,2007,93.9,2218134.0,vancouver,7.136975021,2.052944354,17816,615,20736,2.796410837,81416,45300,32600
577,2007,93.9,2218134.0,vancouver,7.136975021,2.052944354,17816,615,20736,2.796410837,81416,45300,32600
578,2007,94.9,2218134.0,vancouver,7.136975021,2.052944354,17816,615,20736,2.796410837,81416,45300,32600
579,2007,95.6,2218134.0,vancouver,7.136975021,2.052944354,17816,615,20736,2.796410837,81416,45300,32600
580,2007,97.8,2218134.0,vancouver,7.136975021,2.052944354,17816,615,20736,2.796410837,81416,45300,32600
581,2007,98.7,2218134.0,vancouver,7.136975021,2.052944354,17816,615,20736,2.796410837,81416,45300,32600
582,2007,98.9,2218134.0,vancouver,7.136975021,2.052944354,17816,615,20736,2.796410837,81416,45300,32600
583,2007,99.0,2218134.0,vancouver,7.136975021,2.052944354,17816,615,20736,2.796410837,81416,45300,32600
584,2007,99.0,2218134.0,vancouver,7.136975021,2.052944354,17816,615,20736,2.796410837,81416,45300,32600
585,2007,99.6,2218134.0,vancouver,7.136975021,2.052944354,17816,615,20736,2.796410837,81416,45300,32600
586,2007,99.8,2218134.0,vancouver,7.136975021,2.052944354,17816,615,20736,2.796410837,81416,45300,32600
587,2007,99.8,2218134.0,vancouver,7.136975021,2.052944354,17816,615,20736,2.796410837,81416,45300,32600
588,2007,94.5,2218134.0,vancouver,7.136975021,2.052944354,17816,615,20736,2.796410837,81416,45300,32600
589,2007,94.5,2218134.0,vancouver,7.136975021,2.052944354,17816,615,20736,2.796410837,81416,45300,32600
590,2007,95.8,2218134.0,vancouver,7.136975021,2.052944354,17816,615,20736,2.796410837,81416,45300,32600
591,2007,97.2,2218134.0,vancouver,7.136975021,2.052944354,17816,615,20736,2.796410837,81416,45300,32600
592,2007,99.1,2218134.0,vancouver,7.136975021,2.052944354,17816,615,20736,2.796410837,81416,45300,32600
593,2007,100.2,2218134.0,vancouver,7.136975021,2.052944354,17816,615,20736,2.796410837,81416,45300,32600
594,2007,100.4,2218134.0,vancouver,7.136975021,2.052944354,17816,615,20736,2.796410837,81416,45300,32600
595,2007,100.4,2218134.0,vancouver,7.136975021,2.052944354,17816,615,20736,2.796410837,81416,45300,32600
596,2007,100.4,2218134.0,vancouver,7.136975021,2.052944354,17816,615,20736,2.796410837,81416,45300,32600
597,2007,100.7,2218134.0,vancouver,7.136975021,2.052944354,17816,615,20736,2.796410837,81416,45300,32600
598,2007,101.0,2218134.0,vancouver,7.136975021,2.052944354,17816,615,20736,2.796410837,81416,45300,32600
599,2007,100.9,2218134.0,vancouver,7.136975021,2.052944354,17816,615,20736,2.796410837,81416,45300,32600
600,2007,93.9,2218134.0,vancouver,7.136975021,2.052944354,17816,615,20736,2.796410837,81416,45300,32600
601,2007,93.9,2218134.0,vancouver,7.136975021,2.052944354,17816,615,20736,2.796410837,81416,45300,32600
602,2007,94.0,2218134.0,vancouver,7.136975021,2.052944354,17816,615,20736,2.796410837,81416,45300,32600
603,2007,94.0,2218134.0,vancouver,7.136975021,2.052944354,17816,615,20736,2.796410837,81416,45300,32600
604,2007,97.1,2218134.0,vancouver,7.136975021,2.052944354,17816,615,20736,2.796410837,81416,45300,32600
605,2007,97.5,2218134.0,vancouver,7.136975021,2.052944354,17816,615,20736,2.796410837,81416,45300,32600
606,2007,97.5,2218134.0,vancouver,7.136975021,2.052944354,17816,615,20736,2.796410837,81416,45300,32600
607,2007,97.8,2218134.0,vancouver,7.136975021,2.052944354,17816,615,20736,2.796410837,81416,45300,32600
608,2007,97.8,2218134.0,vancouver,7.136975021,2.052944354,17816,615,20736,2.796410837,81416,45300,32600
609,2007,98.9,2218134.0,vancouver,7.136975021,2.052944354,17816,615,20736,2.796410837,81416,45300,32600
610,2007,99.0,2218134.0,vancouver,7.136975021,2.052944354,17816,615,20736,2.796410837,81416,45300,32600
611,2007,99.0,2218134.0,vancouver,7.136975021,2.052944354,17816,615,20736,2.796410837,81416,45300,32600
612,2008,99.9,2254269.0,vancouver,2.288837646,2.344399909,19150,748,19591,1.127118644,84601,45200,31600
613,2008,100.0,2254269.0,vancouver,2.288837646,2.344399909,19150,748,19591,1.127118644,84601,45200,31600
614,2008,100.7,2254269.0,vancouver,2.288837646,2.344399909,19150,748,19591,1.127118644,84601,45200,31600
615,2008,100.8,2254269.0,vancouver,2.288837646,2.344399909,19150,748,19591,1.127118644,84601,45200,31600
616,2008,100.5,2254269.0,vancouver,2.288837646,2.344399909,19150,748,19591,1.127118644,84601,45200,31600
617,2008,100.4,2254269.0,vancouver,2.288837646,2.344399909,19150,748,19591,1.127118644,84601,45200,31600
618,2008,100.5,2254269.0,vancouver,2.288837646,2.344399909,19150,748,19591,1.127118644,84601,45200,31600
619,2008,100.4,2254269.0,vancouver,2.288837646,2.344399909,19150,748,19591,1.127118644,84601,45200,31600
620,2008,100.3,2254269.0,vancouver,2.288837646,2.344399909,19150,748,19591,1.127118644,84601,45200,31600
621,2008,99.2,2254269.0,vancouver,2.288837646,2.344399909,19150,748,19591,1.127118644,84601,45200,31600
622,2008,97.5,2254269.0,vancouver,2.288837646,2.344399909,19150,748,19591,1.127118644,84601,45200,31600
623,2008,97.5,2254269.0,vancouver,2.288837646,2.344399909,19150,748,19591,1.127118644,84601,45200,31600
624,2008,101.1,2254269.0,vancouver,2.288837646,2.344399909,19150,748,19591,1.127118644,84601,45200,31600
625,2008,101.0,2254269.0,vancouver,2.288837646,2.344399909,19150,748,19591,1.127118644,84601,45200,31600
626,2008,101.9,2254269.0,vancouver,2.288837646,2.344399909,19150,748,19591,1.127118644,84601,45200,31600
627,2008,101.9,2254269.0,vancouver,2.288837646,2.344399909,19150,748,19591,1.127118644,84601,45200,31600
628,2008,101.5,2254269.0,vancouver,2.288837646,2.344399909,19150,748,19591,1.127118644,84601,45200,31600
629,2008,101.4,2254269.0,vancouver,2.288837646,2.344399909,19150,748,19591,1.127118644,84601,45200,31600
630,2008,101.4,2254269.0,vancouver,2.288837646,2.344399909,19150,748,19591,1.127118644,84601,45200,31600
631,2008,101.3,2254269.0,vancouver,2.288837646,2.344399909,19150,748,19591,1.127118644,84601,45200,31600
632,2008,101.1,2254269.0,vancouver,2.288837646,2.344399909,19150,748,19591,1.127118644,84601,45200,31600
633,2008,99.1,2254269.0,vancouver,2.288837646,2.344399909,19150,748,19591,1.127118644,84601,45200,31600
634,2008,96.5,2254269.0,vancouver,2.288837646,2.344399909,19150,748,19591,1.127118644,84601,45200,31600
635,2008,96.5,2254269.0,vancouver,2.288837646,2.344399909,19150,748,19591,1.127118644,84601,45200,31600
636,2008,99.0,2254269.0,vancouver,2.288837646,2.344399909,19150,748,19591,1.127118644,84601,45200,31600
637,2008,99.5,2254269.0,vancouver,2.288837646,2.344399909,19150,748,19591,1.127118644,84601,45200,31600
638,2008,99.5,2254269.0,vancouver,2.288837646,2.344399909,19150,748,19591,1.127118644,84601,45200,31600
639,2008,99.8,2254269.0,vancouver,2.288837646,2.344399909,19150,748,19591,1.127118644,84601,45200,31600
640,2008,99.8,2254269.0,vancouver,2.288837646,2.344399909,19150,748,19591,1.127118644,84601,45200,31600
641,2008,99.8,2254269.0,vancouver,2.288837646,2.344399909,19150,748,19591,1.127118644,84601,45200,31600
642,2008,99.8,2254269.0,vancouver,2.288837646,2.344399909,19150,748,19591,1.127118644,84601,45200,31600
643,2008,99.8,2254269.0,vancouver,2.288837646,2.344399909,19150,748,19591,1.127118644,84601,45200,31600
644,2008,99.8,2254269.0,vancouver,2.288837646,2.344399909,19150,748,19591,1.127118644,84601,45200,31600
645,2008,99.8,2254269.0,vancouver,2.288837646,2.344399909,19150,748,19591,1.127118644,84601,45200,31600
646,2008,99.8,2254269.0,vancouver,2.288837646,2.344399909,19150,748,19591,1.127118644,84601,45200,31600
647,2008,99.8,2254269.0,vancouver,2.288837646,2.344399909,19150,748,19591,1.127118644,84601,45200,31600
648,2009,96.7,2301492.0,vancouver,-6.312098188,0.110840168,16788,447,8339,-0.603368809,83145,44500,32000
649,2009,94.0,2301492.0,vancouver,-6.312098188,0.110840168,16788,447,8339,-0.603368809,83145,44500,32000
650,2009,92.9,2301492.0,vancouver,-6.312098188,0.110840168,16788,447,8339,-0.603368809,83145,44500,32000
651,2009,91.7,2301492.0,vancouver,-6.312098188,0.110840168,16788,447,8339,-0.603368809,83145,44500,32000
652,2009,92.1,2301492.0,vancouver,-6.312098188,0.110840168,16788,447,8339,-0.603368809,83145,44500,32000
653,2009,91.3,2301492.0,vancouver,-6.312098188,0.110840168,16788,447,8339,-0.603368809,83145,44500,32000
654,2009,92.4,2301492.0,vancouver,-6.312098188,0.110840168,16788,447,8339,-0.603368809,83145,44500,32000
655,2009,92.5,2301492.0,vancouver,-6.312098188,0.110840168,16788,447,8339,-0.603368809,83145,44500,32000
656,2009,93.8,2301492.0,vancouver,-6.312098188,0.110840168,16788,447,8339,-0.603368809,83145,44500,32000
657,2009,94.5,2301492.0,vancouver,-6.312098188,0.110840168,16788,447,8339,-0.603368809,83145,44500,32000
658,2009,94.8,2301492.0,vancouver,-6.312098188,0.110840168,16788,447,8339,-0.603368809,83145,44500,32000
659,2009,95.4,2301492.0,vancouver,-6.312098188,0.110840168,16788,447,8339,-0.603368809,83145,44500,32000
660,2009,95.0,2301492.0,vancouver,-6.312098188,0.110840168,16788,447,8339,-0.603368809,83145,44500,32000
661,2009,90.4,2301492.0,vancouver,-6.312098188,0.110840168,16788,447,8339,-0.603368809,83145,44500,32000
662,2009,88.3,2301492.0,vancouver,-6.312098188,0.110840168,16788,447,8339,-0.603368809,83145,44500,32000
663,2009,86.2,2301492.0,vancouver,-6.312098188,0.110840168,16788,447,8339,-0.603368809,83145,44500,32000
664,2009,86.8,2301492.0,vancouver,-6.312098188,0.110840168,16788,447,8339,-0.603368809,83145,44500,32000
665,2009,85.7,2301492.0,vancouver,-6.312098188,0.110840168,16788,447,8339,-0.603368809,83145,44500,32000
666,2009,87.7,2301492.0,vancouver,-6.312098188,0.110840168,16788,447,8339,-0.603368809,83145,44500,32000
667,2009,87.9,2301492.0,vancouver,-6.312098188,0.110840168,16788,447,8339,-0.603368809,83145,44500,32000
668,2009,90.1,2301492.0,vancouver,-6.312098188,0.110840168,16788,447,8339,-0.603368809,83145,44500,32000
669,2009,91.2,2301492.0,vancouver,-6.312098188,0.110840168,16788,447,8339,-0.603368809,83145,44500,32000
670,2009,91.7,2301492.0,vancouver,-6.312098188,0.110840168,16788,447,8339,-0.603368809,83145,44500,32000
671,2009,92.8,2301492.0,vancouver,-6.312098188,0.110840168,16788,447,8339,-0.603368809,83145,44500,32000
672,2009,99.8,2301492.0,vancouver,-6.312098188,0.110840168,16788,447,8339,-0.603368809,83145,44500,32000
673,2009,99.8,2301492.0,vancouver,-6.312098188,0.110840168,16788,447,8339,-0.603368809,83145,44500,32000
674,2009,99.8,2301492.0,vancouver,-6.312098188,0.110840168,16788,447,8339,-0.603368809,83145,44500,32000
675,2009,99.8,2301492.0,vancouver,-6.312098188,0.110840168,16788,447,8339,-0.603368809,83145,44500,32000
676,2009,99.8,2301492.0,vancouver,-6.312098188,0.110840168,16788,447,8339,-0.603368809,83145,44500,32000
677,2009,99.8,2301492.0,vancouver,-6.312098188,0.110840168,16788,447,8339,-0.603368809,83145,44500,32000
678,2009,99.8,2301492.0,vancouver,-6.312098188,0.110840168,16788,447,8339,-0.603368809,83145,44500,32000
679,2009,99.8,2301492.0,vancouver,-6.312098188,0.110840168,16788,447,8339,-0.603368809,83145,44500,32000
680,2009,99.9,2301492.0,vancouver,-6.312098188,0.110840168,16788,447,8339,-0.603368809,83145,44500,32000
681,2009,99.9,2301492.0,vancouver,-6.312098188,0.110840168,16788,447,8339,-0.603368809,83145,44500,32000
682,2009,99.9,2301492.0,vancouver,-6.312098188,0.110840168,16788,447,8339,-0.603368809,83145,44500,32000
683,2009,99.9,2301492.0,vancouver,-6.312098188,0.110840168,16788,447,8339,-0.603368809,83145,44500,32000
684,2010,95.8,2344347.0,vancouver,3.270653239,1.749335695,16474,1054,15217,1.214062895,83080,43600,30400
685,2010,96.3,2344347.0,vancouver,3.270653239,1.749335695,16474,1054,15217,1.214062895,83080,43600,30400
686,2010,96.9,2344347.0,vancouver,3.270653239,1.749335695,16474,1054,15217,1.214062895,83080,43600,30400
687,2010,97.2,2344347.0,vancouver,3.270653239,1.749335695,16474,1054,15217,1.214062895,83080,43600,30400
688,2010,97.5,2344347.0,vancouver,3.270653239,1.749335695,16474,1054,15217,1.214062895,83080,43600,30400
689,2010,97.4,2344347.0,vancouver,3.270653239,1.749335695,16474,1054,15217,1.214062895,83080,43600,30400
690,2010,96.5,2344347.0,vancouver,3.270653239,1.749335695,16474,1054,15217,1.214062895,83080,43600,30400
691,2010,96.6,2344347.0,vancouver,3.270653239,1.749335695,16474,1054,15217,1.214062895,83080,43600,30400
692,2010,96.2,2344347.0,vancouver,3.270653239,1.749335695,16474,1054,15217,1.214062895,83080,43600,30400
693,2010,96.3,2344347.0,vancouver,3.270653239,1.749335695,16474,1054,15217,1.214062895,83080,43600,30400
694,2010,96.1,2344347.0,vancouver,3.270653239,1.749335695,16474,1054,15217,1.214062895,83080,43600,30400
695,2010,96.0,2344347.0,vancouver,3.270653239,1.749335695,16474,1054,15217,1.214062895,83080,43600,30400
696,2010,93.5,2344347.0,vancouver,3.270653239,1.749335695,16474,1054,15217,1.214062895,83080,43600,30400
697,2010,94.4,2344347.0,vancouver,3.270653239,1.749335695,16474,1054,15217,1.214062895,83080,43600,30400
698,2010,95.3,2344347.0,vancouver,3.270653239,1.749335695,16474,1054,15217,1.214062895,83080,43600,30400
699,2010,95.9,2344347.0,vancouver,3.270653239,1.749335695,16474,1054,15217,1.214062895,83080,43600,30400
700,2010,96.2,2344347.0,vancouver,3.270653239,1.749335695,16474,1054,15217,1.214062895,83080,43600,30400
701,2010,96.0,2344347.0,vancouver,3.270653239,1.749335695,16474,1054,15217,1.214062895,83080,43600,30400
702,2010,95.7,2344347.0,vancouver,3.270653239,1.749335695,16474,1054,15217,1.214062895,83080,43600,30400
703,2010,95.7,2344347.0,vancouver,3.270653239,1.749335695,16474,1054,15217,1.214062895,83080,43600,30400
704,2010,95.0,2344347.0,vancouver,3.270653239,1.749335695,16474,1054,15217,1.214062895,83080,43600,30400
705,2010,95.1,2344347.0,vancouver,3.270653239,1.749335695,16474,1054,15217,1.214062895,83080,43600,30400
706,2010,94.8,2344347.0,vancouver,3.270653239,1.749335695,16474,1054,15217,1.214062895,83080,43600,30400
707,2010,94.7,2344347.0,vancouver,3.270653239,1.749335695,16474,1054,15217,1.214062895,83080,43600,30400
708,2010,99.9,2344347.0,vancouver,3.270653239,1.749335695,16474,1054,15217,1.214062895,83080,43600,30400
709,2010,99.9,2344347.0,vancouver,3.270653239,1.749335695,16474,1054,15217,1.214062895,83080,43600,30400
710,2010,99.9,2344347.0,vancouver,3.270653239,1.749335695,16474,1054,15217,1.214062895,83080,43600,30400
711,2010,99.9,2344347.0,vancouver,3.270653239,1.749335695,16474,1054,15217,1.214062895,83080,43600,30400
712,2010,100.1,2344347.0,vancouver,3.270653239,1.749335695,16474,1054,15217,1.214062895,83080,43600,30400
713,2010,100.1,2344347.0,vancouver,3.270653239,1.749335695,16474,1054,15217,1.214062895,83080,43600,30400
714,2010,98.7,2344347.0,vancouver,3.270653239,1.749335695,16474,1054,15217,1.214062895,83080,43600,30400
715,2010,98.7,2344347.0,vancouver,3.270653239,1.749335695,16474,1054,15217,1.214062895,83080,43600,30400
716,2010,98.7,2344347.0,vancouver,3.270653239,1.749335695,16474,1054,15217,1.214062895,83080,43600,30400
717,2010,98.7,2344347.0,vancouver,3.270653239,1.749335695,16474,1054,15217,1.214062895,83080,43600,30400
718,2010,98.7,2344347.0,vancouver,3.270653239,1.749335695,16474,1054,15217,1.214062895,83080,43600,30400
719,2010,98.7,2344347.0,vancouver,3.270653239,1.749335695,16474,1054,15217,1.214062895,83080,43600,30400
720,2011,96.0,2373045.0,vancouver,-0.310666206,2.27783823,12919,1755,17867,1.990837151,87186,45400,32700
721,2011,96.1,2373045.0,vancouver,-0.310666206,2.27783823,12919,1755,17867,1.990837151,87186,45400,32700
722,2011,96.3,2373045.0,vancouver,-0.310666206,2.27783823,12919,1755,17867,1.990837151,87186,45400,32700
723,2011,96.5,2373045.0,vancouver,-0.310666206,2.27783823,12919,1755,17867,1.990837151,87186,45400,32700
724,2011,96.7,2373045.0,vancouver,-0.310666206,2.27783823,12919,1755,17867,1.990837151,87186,45400,32700
725,2011,96.6,2373045.0,vancouver,-0.310666206,2.27783823,12919,1755,17867,1.990837151,87186,45400,32700
726,2011,96.6,2373045.0,vancouver,-0.310666206,2.27783823,12919,1755,17867,1.990837151,87186,45400,32700
727,2011,96.3,2373045.0,vancouver,-0.310666206,2.27783823,12919,1755,17867,1.990837151,87186,45400,32700
728,2011,96.3,2373045.0,vancouver,-0.310666206,2.27783823,12919,1755,17867,1.990837151,87186,45400,32700
729,2011,96.2,2373045.0,vancouver,-0.310666206,2.27783823,12919,1755,17867,1.990837151,87186,45400,32700
730,2011,95.9,2373045.0,vancouver,-0.310666206,2.27783823,12919,1755,17867,1.990837151,87186,45400,32700
731,2011,95.7,2373045.0,vancouver,-0.310666206,2.27783823,12919,1755,17867,1.990837151,87186,45400,32700
732,2011,94.7,2373045.0,vancouver,-0.310666206,2.27783823,12919,1755,17867,1.990837151,87186,45400,32700
733,2011,94.9,2373045.0,vancouver,-0.310666206,2.27783823,12919,1755,17867,1.990837151,87186,45400,32700
734,2011,95.2,2373045.0,vancouver,-0.310666206,2.27783823,12919,1755,17867,1.990837151,87186,45400,32700
735,2011,95.3,2373045.0,vancouver,-0.310666206,2.27783823,12919,1755,17867,1.990837151,87186,45400,32700
736,2011,95.6,2373045.0,vancouver,-0.310666206,2.27783823,12919,1755,17867,1.990837151,87186,45400,32700
737,2011,95.7,2373045.0,vancouver,-0.310666206,2.27783823,12919,1755,17867,1.990837151,87186,45400,32700
738,2011,95.7,2373045.0,vancouver,-0.310666206,2.27783823,12919,1755,17867,1.990837151,87186,45400,32700
739,2011,95.1,2373045.0,vancouver,-0.310666206,2.27783823,12919,1755,17867,1.990837151,87186,45400,32700
740,2011,95.2,2373045.0,vancouver,-0.310666206,2.27783823,12919,1755,17867,1.990837151,87186,45400,32700
741,2011,95.0,2373045.0,vancouver,-0.310666206,2.27783823,12919,1755,17867,1.990837151,87186,45400,32700
742,2011,94.6,2373045.0,vancouver,-0.310666206,2.27783823,12919,1755,17867,1.990837151,87186,45400,32700
743,2011,94.4,2373045.0,vancouver,-0.310666206,2.27783823,12919,1755,17867,1.990837151,87186,45400,32700
744,2011,98.7,2373045.0,vancouver,-0.310666206,2.27783823,12919,1755,17867,1.990837151,87186,45400,32700
745,2011,98.7,2373045.0,vancouver,-0.310666206,2.27783823,12919,1755,17867,1.990837151,87186,45400,32700
746,2011,98.7,2373045.0,vancouver,-0.310666206,2.27783823,12919,1755,17867,1.990837151,87186,45400,32700
747,2011,99.0,2373045.0,vancouver,-0.310666206,2.27783823,12919,1755,17867,1.990837151,87186,45400,32700
748,2011,99.1,2373045.0,vancouver,-0.310666206,2.27783823,12919,1755,17867,1.990837151,87186,45400,32700
749,2011,98.9,2373045.0,vancouver,-0.310666206,2.27783823,12919,1755,17867,1.990837151,87186,45400,32700
750,2011,98.9,2373045.0,vancouver,-0.310666206,2.27783823,12919,1755,17867,1.990837151,87186,45400,32700
751,2011,98.9,2373045.0,vancouver,-0.310666206,2.27783823,12919,1755,17867,1.990837151,87186,45400,32700
752,2011,98.9,2373045.0,vancouver,-0.310666206,2.27783823,12919,1755,17867,1.990837151,87186,45400,32700
753,2011,98.9,2373045.0,vancouver,-0.310666206,2.27783823,12919,1755,17867,1.990837151,87186,45400,32700
754,2011,98.7,2373045.0,vancouver,-0.310666206,2.27783823,12919,1755,17867,1.990837151,87186,45400,32700
755,2011,98.7,2373045.0,vancouver,-0.310666206,2.27783823,12919,1755,17867,1.990837151,87186,45400,32700
756,2012,96.0,2411326.0,vancouver,-0.536703601,1.319242499,16958,1277,19027,1.853969291,88640,45200,33200
757,2012,95.8,2411326.0,vancouver,-0.536703601,1.319242499,16958,1277,19027,1.853969291,88640,45200,33200
758,2012,95.7,2411326.0,vancouver,-0.536703601,1.319242499,16958,1277,19027,1.853969291,88640,45200,33200
759,2012,95.7,2411326.0,vancouver,-0.536703601,1.319242499,16958,1277,19027,1.853969291,88640,45200,33200
760,2012,95.8,2411326.0,vancouver,-0.536703601,1.319242499,16958,1277,19027,1.853969291,88640,45200,33200
761,2012,95.8,2411326.0,vancouver,-0.536703601,1.319242499,16958,1277,19027,1.853969291,88640,45200,33200
762,2012,95.9,2411326.0,vancouver,-0.536703601,1.319242499,16958,1277,19027,1.853969291,88640,45200,33200
763,2012,95.9,2411326.0,vancouver,-0.536703601,1.319242499,16958,1277,19027,1.853969291,88640,45200,33200
764,2012,95.8,2411326.0,vancouver,-0.536703601,1.319242499,16958,1277,19027,1.853969291,88640,45200,33200
765,2012,95.9,2411326.0,vancouver,-0.536703601,1.319242499,16958,1277,19027,1.853969291,88640,45200,33200
766,2012,95.5,2411326.0,vancouver,-0.536703601,1.319242499,16958,1277,19027,1.853969291,88640,45200,33200
767,2012,95.2,2411326.0,vancouver,-0.536703601,1.319242499,16958,1277,19027,1.853969291,88640,45200,33200
768,2012,94.5,2411326.0,vancouver,-0.536703601,1.319242499,16958,1277,19027,1.853969291,88640,45200,33200
769,2012,94.2,2411326.0,vancouver,-0.536703601,1.319242499,16958,1277,19027,1.853969291,88640,45200,33200
770,2012,94.0,2411326.0,vancouver,-0.536703601,1.319242499,16958,1277,19027,1.853969291,88640,45200,33200
771,2012,93.9,2411326.0,vancouver,-0.536703601,1.319242499,16958,1277,19027,1.853969291,88640,45200,33200
772,2012,94.0,2411326.0,vancouver,-0.536703601,1.319242499,16958,1277,19027,1.853969291,88640,45200,33200
773,2012,94.1,2411326.0,vancouver,-0.536703601,1.319242499,16958,1277,19027,1.853969291,88640,45200,33200
774,2012,94.1,2411326.0,vancouver,-0.536703601,1.319242499,16958,1277,19027,1.853969291,88640,45200,33200
775,2012,94.0,2411326.0,vancouver,-0.536703601,1.319242499,16958,1277,19027,1.853969291,88640,45200,33200
776,2012,93.9,2411326.0,vancouver,-0.536703601,1.319242499,16958,1277,19027,1.853969291,88640,45200,33200
777,2012,94.1,2411326.0,vancouver,-0.536703601,1.319242499,16958,1277,19027,1.853969291,88640,45200,33200
778,2012,93.6,2411326.0,vancouver,-0.536703601,1.319242499,16958,1277,19027,1.853969291,88640,45200,33200
779,2012,93.1,2411326.0,vancouver,-0.536703601,1.319242499,16958,1277,19027,1.853969291,88640,45200,33200
780,2012,99.0,2411326.0,vancouver,-0.536703601,1.319242499,16958,1277,19027,1.853969291,88640,45200,33200
781,2012,99.0,2411326.0,vancouver,-0.536703601,1.319242499,16958,1277,19027,1.853969291,88640,45200,33200
782,2012,99.0,2411326.0,vancouver,-0.536703601,1.319242499,16958,1277,19027,1.853969291,88640,45200,33200
783,2012,99.0,2411326.0,vancouver,-0.536703601,1.319242499,16958,1277,19027,1.853969291,88640,45200,33200
784,2012,99.2,2411326.0,vancouver,-0.536703601,1.319242499,16958,1277,19027,1.853969291,88640,45200,33200
785,2012,99.2,2411326.0,vancouver,-0.536703601,1.319242499,16958,1277,19027,1.853969291,88640,45200,33200
786,2012,99.2,2411326.0,vancouver,-0.536703601,1.319242499,16958,1277,19027,1.853969291,88640,45200,33200
787,2012,99.2,2411326.0,vancouver,-0.536703601,1.319242499,16958,1277,19027,1.853969291,88640,45200,33200
788,2012,99.2,2411326.0,vancouver,-0.536703601,1.319242499,16958,1277,19027,1.853969291,88640,45200,33200
789,2012,99.2,2411326.0,vancouver,-0.536703601,1.319242499,16958,1277,19027,1.853969291,88640,45200,33200
790,2012,99.2,2411326.0,vancouver,-0.536703601,1.319242499,16958,1277,19027,1.853969291,88640,45200,33200
791,2012,99.2,2411326.0,vancouver,-0.536703601,1.319242499,16958,1277,19027,1.853969291,88640,45200,33200
792,2013,95.2,2444333.0,vancouver,-1.026979983,0.1260063,18392,3149,18696,0.040093016,95710,47000,33200
793,2013,95.2,2444333.0,vancouver,-1.026979983,0.1260063,18392,3149,18696,0.040093016,95710,47000,33200
794,2013,95.1,2444333.0,vancouver,-1.026979983,0.1260063,18392,3149,18696,0.040093016,95710,47000,33200
795,2013,95.1,2444333.0,vancouver,-1.026979983,0.1260063,18392,3149,18696,0.040093016,95710,47000,33200
796,2013,94.9,2444333.0,vancouver,-1.026979983,0.1260063,18392,3149,18696,0.040093016,95710,47000,33200
797,2013,94.7,2444333.0,vancouver,-1.026979983,0.1260063,18392,3149,18696,0.040093016,95710,47000,33200
798,2013,95.0,2444333.0,vancouver,-1.026979983,0.1260063,18392,3149,18696,0.040093016,95710,47000,33200
799,2013,94.6,2444333.0,vancouver,-1.026979983,0.1260063,18392,3149,18696,0.040093016,95710,47000,33200
800,2013,94.6,2444333.0,vancouver,-1.026979983,0.1260063,18392,3149,18696,0.040093016,95710,47000,33200
801,2013,94.4,2444333.0,vancouver,-1.026979983,0.1260063,18392,3149,18696,0.040093016,95710,47000,33200
802,2013,94.3,2444333.0,vancouver,-1.026979983,0.1260063,18392,3149,18696,0.040093016,95710,47000,33200
803,2013,94.1,2444333.0,vancouver,-1.026979983,0.1260063,18392,3149,18696,0.040093016,95710,47000,33200
804,2013,93.1,2444333.0,vancouver,-1.026979983,0.1260063,18392,3149,18696,0.040093016,95710,47000,33200
805,2013,93.1,2444333.0,vancouver,-1.026979983,0.1260063,18392,3149,18696,0.040093016,95710,47000,33200
806,2013,92.9,2444333.0,vancouver,-1.026979983,0.1260063,18392,3149,18696,0.040093016,95710,47000,33200
807,2013,93.0,2444333.0,vancouver,-1.026979983,0.1260063,18392,3149,18696,0.040093016,95710,47000,33200
808,2013,92.7,2444333.0,vancouver,-1.026979983,0.1260063,18392,3149,18696,0.040093016,95710,47000,33200
809,2013,92.3,2444333.0,vancouver,-1.026979983,0.1260063,18392,3149,18696,0.040093016,95710,47000,33200
810,2013,92.6,2444333.0,vancouver,-1.026979983,0.1260063,18392,3149,18696,0.040093016,95710,47000,33200
811,2013,92.2,2444333.0,vancouver,-1.026979983,0.1260063,18392,3149,18696,0.040093016,95710,47000,33200
812,2013,92.2,2444333.0,vancouver,-1.026979983,0.1260063,18392,3149,18696,0.040093016,95710,47000,33200
813,2013,91.9,2444333.0,vancouver,-1.026979983,0.1260063,18392,3149,18696,0.040093016,95710,47000,33200
814,2013,91.7,2444333.0,vancouver,-1.026979983,0.1260063,18392,3149,18696,0.040093016,95710,47000,33200
815,2013,91.5,2444333.0,vancouver,-1.026979983,0.1260063,18392,3149,18696,0.040093016,95710,47000,33200
816,2013,99.2,2444333.0,vancouver,-1.026979983,0.1260063,18392,3149,18696,0.040093016,95710,47000,33200
817,2013,99.2,2444333.0,vancouver,-1.026979983,0.1260063,18392,3149,18696,0.040093016,95710,47000,33200
818,2013,99.2,2444333.0,vancouver,-1.026979983,0.1260063,18392,3149,18696,0.040093016,95710,47000,33200
819,2013,99.2,2444333.0,vancouver,-1.026979983,0.1260063,18392,3149,18696,0.040093016,95710,47000,33200
820,2013,99.2,2444333.0,vancouver,-1.026979983,0.1260063,18392,3149,18696,0.040093016,95710,47000,33200
821,2013,99.2,2444333.0,vancouver,-1.026979983,0.1260063,18392,3149,18696,0.040093016,95710,47000,33200
822,2013,99.2,2444333.0,vancouver,-1.026979983,0.1260063,18392,3149,18696,0.040093016,95710,47000,33200
823,2013,99.2,2444333.0,vancouver,-1.026979983,0.1260063,18392,3149,18696,0.040093016,95710,47000,33200
824,2013,99.2,2444333.0,vancouver,-1.026979983,0.1260063,18392,3149,18696,0.040093016,95710,47000,33200
825,2013,99.2,2444333.0,vancouver,-1.026979983,0.1260063,18392,3149,18696,0.040093016,95710,47000,33200
826,2013,99.2,2444333.0,vancouver,-1.026979983,0.1260063,18392,3149,18696,0.040093016,95710,47000,33200
827,2013,99.2,2444333.0,vancouver,-1.026979983,0.1260063,18392,3149,18696,0.040093016,95710,47000,33200
828,2014,94.1,2481896.0,vancouver,-1.169539219,1.104663357,17731,3286,19212,2.3004168,95898,46400,34200
829,2014,94.1,2481896.0,vancouver,-1.169539219,1.104663357,17731,3286,19212,2.3004168,95898,46400,34200
830,2014,94.0,2481896.0,vancouver,-1.169539219,1.104663357,17731,3286,19212,2.3004168,95898,46400,34200
831,2014,93.6,2481896.0,vancouver,-1.169539219,1.104663357,17731,3286,19212,2.3004168,95898,46400,34200
832,2014,93.5,2481896.0,vancouver,-1.169539219,1.104663357,17731,3286,19212,2.3004168,95898,46400,34200
833,2014,93.3,2481896.0,vancouver,-1.169539219,1.104663357,17731,3286,19212,2.3004168,95898,46400,34200
834,2014,93.2,2481896.0,vancouver,-1.169539219,1.104663357,17731,3286,19212,2.3004168,95898,46400,34200
835,2014,93.5,2481896.0,vancouver,-1.169539219,1.104663357,17731,3286,19212,2.3004168,95898,46400,34200
836,2014,93.5,2481896.0,vancouver,-1.169539219,1.104663357,17731,3286,19212,2.3004168,95898,46400,34200
837,2014,93.8,2481896.0,vancouver,-1.169539219,1.104663357,17731,3286,19212,2.3004168,95898,46400,34200
838,2014,93.7,2481896.0,vancouver,-1.169539219,1.104663357,17731,3286,19212,2.3004168,95898,46400,34200
839,2014,93.6,2481896.0,vancouver,-1.169539219,1.104663357,17731,3286,19212,2.3004168,95898,46400,34200
840,2014,91.4,2481896.0,vancouver,-1.169539219,1.104663357,17731,3286,19212,2.3004168,95898,46400,34200
841,2014,91.4,2481896.0,vancouver,-1.169539219,1.104663357,17731,3286,19212,2.3004168,95898,46400,34200
842,2014,91.3,2481896.0,vancouver,-1.169539219,1.104663357,17731,3286,19212,2.3004168,95898,46400,34200
843,2014,90.8,2481896.0,vancouver,-1.169539219,1.104663357,17731,3286,19212,2.3004168,95898,46400,34200
844,2014,90.5,2481896.0,vancouver,-1.169539219,1.104663357,17731,3286,19212,2.3004168,95898,46400,34200
845,2014,90.3,2481896.0,vancouver,-1.169539219,1.104663357,17731,3286,19212,2.3004168,95898,46400,34200
846,2014,90.2,2481896.0,vancouver,-1.169539219,1.104663357,17731,3286,19212,2.3004168,95898,46400,34200
847,2014,90.5,2481896.0,vancouver,-1.169539219,1.104663357,17731,3286,19212,2.3004168,95898,46400,34200
848,2014,90.5,2481896.0,vancouver,-1.169539219,1.104663357,17731,3286,19212,2.3004168,95898,46400,34200
849,2014,91.0,2481896.0,vancouver,-1.169539219,1.104663357,17731,3286,19212,2.3004168,95898,46400,34200
850,2014,90.8,2481896.0,vancouver,-1.169539219,1.104663357,17731,3286,19212,2.3004168,95898,46400,34200
851,2014,90.7,2481896.0,vancouver,-1.169539219,1.104663357,17731,3286,19212,2.3004168,95898,46400,34200
852,2014,99.2,2481896.0,vancouver,-1.169539219,1.104663357,17731,3286,19212,2.3004168,95898,46400,34200
853,2014,99.2,2481896.0,vancouver,-1.169539219,1.104663357,17731,3286,19212,2.3004168,95898,46400,34200
854,2014,99.2,2481896.0,vancouver,-1.169539219,1.104663357,17731,3286,19212,2.3004168,95898,46400,34200
855,2014,99.2,2481896.0,vancouver,-1.169539219,1.104663357,17731,3286,19212,2.3004168,95898,46400,34200
856,2014,99.2,2481896.0,vancouver,-1.169539219,1.104663357,17731,3286,19212,2.3004168,95898,46400,34200
857,2014,99.2,2481896.0,vancouver,-1.169539219,1.104663357,17731,3286,19212,2.3004168,95898,46400,34200
858,2014,99.2,2481896.0,vancouver,-1.169539219,1.104663357,17731,3286,19212,2.3004168,95898,46400,34200
859,2014,99.2,2481896.0,vancouver,-1.169539219,1.104663357,17731,3286,19212,2.3004168,95898,46400,34200
860,2014,99.2,2481896.0,vancouver,-1.169539219,1.104663357,17731,3286,19212,2.3004168,95898,46400,34200
861,2014,99.2,2481896.0,vancouver,-1.169539219,1.104663357,17731,3286,19212,2.3004168,95898,46400,34200
862,2014,99.2,2481896.0,vancouver,-1.169539219,1.104663357,17731,3286,19212,2.3004168,95898,46400,34200
863,2014,99.2,2481896.0,vancouver,-1.169539219,1.104663357,17731,3286,19212,2.3004168,95898,46400,34200
864,2015,93.5,2507420.0,vancouver,0.960939585,1.189405989,17346,3810,20863,1.739402962,94609,45800,34100
865,2015,93.5,2507420.0,vancouver,0.960939585,1.189405989,17346,3810,20863,1.739402962,94609,45800,34100
866,2015,93.5,2507420.0,vancouver,0.960939585,1.189405989,17346,3810,20863,1.739402962,94609,45800,34100
867,2015,94.1,2507420.0,vancouver,0.960939585,1.189405989,17346,3810,20863,1.739402962,94609,45800,34100
868,2015,94.1,2507420.0,vancouver,0.960939585,1.189405989,17346,3810,20863,1.739402962,94609,45800,34100
869,2015,94.3,2507420.0,vancouver,0.960939585,1.189405989,17346,3810,20863,1.739402962,94609,45800,34100
870,2015,94.7,2507420.0,vancouver,0.960939585,1.189405989,17346,3810,20863,1.739402962,94609,45800,34100
871,2015,94.7,2507420.0,vancouver,0.960939585,1.189405989,17346,3810,20863,1.739402962,94609,45800,34100
872,2015,95.1,2507420.0,vancouver,0.960939585,1.189405989,17346,3810,20863,1.739402962,94609,45800,34100
873,2015,95.4,2507420.0,vancouver,0.960939585,1.189405989,17346,3810,20863,1.739402962,94609,45800,34100
874,2015,95.8,2507420.0,vancouver,0.960939585,1.189405989,17346,3810,20863,1.739402962,94609,45800,34100
875,2015,96.0,2507420.0,vancouver,0.960939585,1.189405989,17346,3810,20863,1.739402962,94609,45800,34100
876,2015,90.6,2507420.0,vancouver,0.960939585,1.189405989,17346,3810,20863,1.739402962,94609,45800,34100
877,2015,90.7,2507420.0,vancouver,0.960939585,1.189405989,17346,3810,20863,1.739402962,94609,45800,34100
878,2015,90.6,2507420.0,vancouver,0.960939585,1.189405989,17346,3810,20863,1.739402962,94609,45800,34100
879,2015,91.5,2507420.0,vancouver,0.960939585,1.189405989,17346,3810,20863,1.739402962,94609,45800,34100
880,2015,91.7,2507420.0,vancouver,0.960939585,1.189405989,17346,3810,20863,1.739402962,94609,45800,34100
881,2015,92.1,2507420.0,vancouver,0.960939585,1.189405989,17346,3810,20863,1.739402962,94609,45800,34100
882,2015,92.7,2507420.0,vancouver,0.960939585,1.189405989,17346,3810,20863,1.739402962,94609,45800,34100
883,2015,92.8,2507420.0,vancouver,0.960939585,1.189405989,17346,3810,20863,1.739402962,94609,45800,34100
884,2015,93.3,2507420.0,vancouver,0.960939585,1.189405989,17346,3810,20863,1.739402962,94609,45800,34100
885,2015,93.7,2507420.0,vancouver,0.960939585,1.189405989,17346,3810,20863,1.739402962,94609,45800,34100
886,2015,94.4,2507420.0,vancouver,0.960939585,1.189405989,17346,3810,20863,1.739402962,94609,45800,34100
887,2015,94.6,2507420.0,vancouver,0.960939585,1.189405989,17346,3810,20863,1.739402962,94609,45800,34100
888,2015,99.2,2507420.0,vancouver,0.960939585,1.189405989,17346,3810,20863,1.739402962,94609,45800,34100
889,2015,99.2,2507420.0,vancouver,0.960939585,1.189405989,17346,3810,20863,1.739402962,94609,45800,34100
890,2015,99.2,2507420.0,vancouver,0.960939585,1.189405989,17346,3810,20863,1.739402962,94609,45800,34100
891,2015,99.2,2507420.0,vancouver,0.960939585,1.189405989,17346,3810,20863,1.739402962,94609,45800,34100
892,2015,99.2,2507420.0,vancouver,0.960939585,1.189405989,17346,3810,20863,1.739402962,94609,45800,34100
893,2015,99.2,2507420.0,vancouver,0.960939585,1.189405989,17346,3810,20863,1.739402962,94609,45800,34100
894,2015,99.2,2507420.0,vancouver,0.960939585,1.189405989,17346,3810,20863,1.739402962,94609,45800,34100
895,2015,99.2,2507420.0,vancouver,0.960939585,1.189405989,17346,3810,20863,1.739402962,94609,45800,34100
896,2015,99.2,2507420.0,vancouver,0.960939585,1.189405989,17346,3810,20863,1.739402962,94609,45800,34100
897,2015,99.2,2507420.0,vancouver,0.960939585,1.189405989,17346,3810,20863,1.739402962,94609,45800,34100
898,2015,99.2,2507420.0,vancouver,0.960939585,1.189405989,17346,3810,20863,1.739402962,94609,45800,34100
899,2015,99.2,2507420.0,vancouver,0.960939585,1.189405989,17346,3810,20863,1.739402962,94609,45800,34100
900,2016,96.4,2548740.0,vancouver,4.626773597,2.173170232,18148,6841,27914,4.674624567,97576,46000,35500
901,2016,97.2,2548740.0,vancouver,4.626773597,2.173170232,18148,6841,27914,4.674624567,97576,46000,35500
902,2016,97.6,2548740.0,vancouver,4.626773597,2.173170232,18148,6841,27914,4.674624567,97576,46000,35500
903,2016,97.8,2548740.0,vancouver,4.626773597,2.173170232,18148,6841,27914,4.674624567,97576,46000,35500
904,2016,98.9,2548740.0,vancouver,4.626773597,2.173170232,18148,6841,27914,4.674624567,97576,46000,35500
905,2016,99.3,2548740.0,vancouver,4.626773597,2.173170232,18148,6841,27914,4.674624567,97576,46000,35500
906,2016,99.8,2548740.0,vancouver,4.626773597,2.173170232,18148,6841,27914,4.674624567,97576,46000,35500
907,2016,99.8,2548740.0,vancouver,4.626773597,2.173170232,18148,6841,27914,4.674624567,97576,46000,35500
908,2016,100.1,2548740.0,vancouver,4.626773597,2.173170232,18148,6841,27914,4.674624567,97576,46000,35500
909,2016,100.3,2548740.0,vancouver,4.626773597,2.173170232,18148,6841,27914,4.674624567,97576,46000,35500
910,2016,100.0,2548740.0,vancouver,4.626773597,2.173170232,18148,6841,27914,4.674624567,97576,46000,35500
911,2016,100.0,2548740.0,vancouver,4.626773597,2.173170232,18148,6841,27914,4.674624567,97576,46000,35500
912,2016,95.1,2548740.0,vancouver,4.626773597,2.173170232,18148,6841,27914,4.674624567,97576,46000,35500
913,2016,96.4,2548740.0,vancouver,4.626773597,2.173170232,18148,6841,27914,4.674624567,97576,46000,35500
914,2016,97.0,2548740.0,vancouver,4.626773597,2.173170232,18148,6841,27914,4.674624567,97576,46000,35500
915,2016,97.3,2548740.0,vancouver,4.626773597,2.173170232,18148,6841,27914,4.674624567,97576,46000,35500
916,2016,99.0,2548740.0,vancouver,4.626773597,2.173170232,18148,6841,27914,4.674624567,97576,46000,35500
917,2016,99.3,2548740.0,vancouver,4.626773597,2.173170232,18148,6841,27914,4.674624567,97576,46000,35500
918,2016,100.1,2548740.0,vancouver,4.626773597,2.173170232,18148,6841,27914,4.674624567,97576,46000,35500
919,2016,100.1,2548740.0,vancouver,4.626773597,2.173170232,18148,6841,27914,4.674624567,97576,46000,35500
920,2016,100.4,2548740.0,vancouver,4.626773597,2.173170232,18148,6841,27914,4.674624567,97576,46000,35500
921,2016,100.4,2548740.0,vancouver,4.626773597,2.173170232,18148,6841,27914,4.674624567,97576,46000,35500
922,2016,100.0,2548740.0,vancouver,4.626773597,2.173170232,18148,6841,27914,4.674624567,97576,46000,35500
923,2016,100.0,2548740.0,vancouver,4.626773597,2.173170232,18148,6841,27914,4.674624567,97576,46000,35500
924,2016,99.2,2548740.0,vancouver,4.626773597,2.173170232,18148,6841,27914,4.674624567,97576,46000,35500
925,2016,99.2,2548740.0,vancouver,4.626773597,2.173170232,18148,6841,27914,4.674624567,97576,46000,35500
926,2016,99.2,2548740.0,vancouver,4.626773597,2.173170232,18148,6841,27914,4.674624567,97576,46000,35500
927,2016,99.2,2548740.0,vancouver,4.626773597,2.173170232,18148,6841,27914,4.674624567,97576,46000,35500
928,2016,99.2,2548740.0,vancouver,4.626773597,2.173170232,18148,6841,27914,4.674624567,97576,46000,35500
929,2016,99.2,2548740.0,vancouver,4.626773597,2.173170232,18148,6841,27914,4.674624567,97576,46000,35500
930,2016,99.2,2548740.0,vancouver,4.626773597,2.173170232,18148,6841,27914,4.674624567,97576,46000,35500
931,2016,99.2,2548740.0,vancouver,4.626773597,2.173170232,18148,6841,27914,4.674624567,97576,46000,35500
932,2016,99.5,2548740.0,vancouver,4.626773597,2.173170232,18148,6841,27914,4.674624567,97576,46000,35500
933,2016,100.0,2548740.0,vancouver,4.626773597,2.173170232,18148,6841,27914,4.674624567,97576,46000,35500
934,2016,100.0,2548740.0,vancouver,4.626773597,2.173170232,18148,6841,27914,4.674624567,97576,46000,35500
935,2016,100.0,2548740.0,vancouver,4.626773597,2.173170232,18148,6841,27914,4.674624567,97576,46000,35500
