REF_DATE,GEO,DGUID,Coordinate,"Population,2021","Population,2016",Population percentage change,"Total private dwellings,2021","Private dwellings occupied by usual residents, 2021","Land area in square kilometres,2021","Population density per square kilometre,2021"
2021,Canada,2021A000011124,1,36991981,35151728,5.2,16284235,14978941,8788702.8,4.2
2021,Newfoundland and Labrador,2021A000210,2,510550,519716,-1.8,269184,223253,358170.37,1.4
2021,Bay Roberts,2021S05100046,3,6897,6896,0.0,3184,2888,16.88,408.5
2021,Bishop's Falls,2021S05100072,4,3006,3087,-2.6,1498,1386,6.89,436.1
2021,Bonavista,2021S05100082,5,2979,3140,-5.1,1628,1379,4.36,683.1
2021,Botwood,2021S05100084,6,2741,2819,-2.8,1374,1237,5.54,494.4
2021,Burgeo,2021S05100107,7,1176,1307,-10.0,659,570,2.08,566.5
2021,Carbonear,2021S05100136,8,6235,6613,-5.7,3118,2829,11.16,558.9
2021,Channel-Port aux Basques,2021S05100155,9,3127,3665,-14.7,1644,1500,5.17,605.2
2021,Clarenville-Shoal Harbour,2021S05100182,10,6143,5828,5.4,2854,2573,12.46,493.0
2021,Corner Brook,2021S05100204,11,19129,19546,-2.1,9451,8775,21.6,885.4
2021,Deer Lake,2021S05100219,12,4346,4632,-6.2,2066,1920,8.2,529.8
2021,Gander,2021S05100311,13,9918,10220,-3.0,4604,4285,13.64,727.2
2021,Grand Bank,2021S05100329,14,2071,2230,-7.1,1136,1011,2.24,924.7
2021,Grand Falls-Windsor,2021S05100332,15,11986,12519,-4.3,5816,5372,12.34,971.2
2021,Happy Valley-Goose Bay,2021S05100354,16,6996,6678,4.8,2936,2698,10.17,687.9
2021,Labrador City,2021S05100438,17,9011,8763,2.8,4075,3720,14.5,621.7
2021,Lewisporte,2021S05100469,18,2064,2179,-5.3,1002,889,2.33,884.0
2021,Marystown,2021S05100509,19,2671,2702,-1.1,1355,1219,5.71,468.2
2021,Massey Drive,2021S05101444,20,1606,1632,-1.6,670,626,2.45,655.1
2021,Pasadena,2021S05101203,21,2769,2800,-1.1,1268,1193,3.54,781.9
2021,Placentia,2021S05101575,22,1338,1374,-2.6,761,638,2.62,510.0
2021,Sheshatshiu,2021S05101577,23,1049,1272,-17.5,331,299,1.61,653.5
2021,Springdale,2021S05100778,24,2182,2178,0.2,1081,980,3.76,579.6
2021,St. Anthony,2021S05100786,25,1986,2049,-3.1,943,842,4.52,439.0
2021,St. John's,2021S05100792,26,185565,181955,2.0,86189,79537,178.0,1042.5
2021,Stephenville,2021S05100888,27,7344,7271,1.0,3685,3488,15.48,474.5
2021,Stephenville Crossing,2021S05100889,28,1038,941,10.3,517,475,1.4,742.6
2021,Wabana,2021S05100994,29,1091,1325,-17.7,700,558,2.53,432.0
2021,Prince Edward Island,2021A000211,30,154331,142907,8.0,74934,64570,5681.18,27.2
2021,Charlottetown,2021S05100159,31,52390,48054,9.0,24116,22617,57.56,910.2
2021,Kensington,2021S05100407,32,1743,1618,7.7,865,834,2.74,635.5
2021,Montague,2021S05100544,33,1896,1834,3.4,931,850,2.07,916.9
2021,Summerside,2021S05100905,34,14952,13969,7.0,6924,6643,16.97,881.2
2021,Nova Scotia,2021A000212,35,969383,923598,5.0,476007,428228,52824.71,18.4
2021,Amherst,2021S05100012,36,9548,9550,0.0,4866,4545,12.38,771.5
2021,Antigonish,2021S05100019,37,5620,5079,10.7,3212,2664,5.88,955.7
2021,Berwick,2021S05100069,38,2455,2517,-2.5,1087,1050,4.31,570.1
2021,Bridgewater,2021S05100096,39,8790,8532,3.0,4493,4260,13.63,644.9
2021,Brookside,2021S05101353,40,1439,1441,-0.1,579,562,2.81,512.0
2021,Cape Breton - Sydney,2021S05100913,41,30960,30170,2.6,15043,14070,30.91,1001.5
2021,Centreville,2021S05101446,42,1159,1129,2.7,511,500,2.36,490.2
2021,Chester,2021S05100171,43,1371,1362,0.7,840,674,3.23,424.5
2021,Digby,2021S05100229,44,2001,2060,-2.9,1133,1030,3.16,634.0
2021,Enfield - Lantz,2021S05101447,45,6583,6807,-3.3,2806,2724,11.67,563.9
2021,Eskasoni 3,2021S05101449,46,2575,2352,9.5,812,776,5.7,451.7
2021,Glace Bay,2021S05100318,47,16915,17604,-3.9,8320,7680,31.19,542.4
2021,Halifax,2021S05100348,48,348634,317334,9.9,162336,154883,238.29,1463.1
2021,Hantsport,2021S05100353,49,1542,1560,-1.2,735,703,2.89,532.8
2021,Hayes Subdivision,2021S05101343,50,1044,1121,-6.9,435,429,1.1,951.3
2021,Howie Centre,2021S05101574,51,1106,1157,-4.4,501,490,1.67,662.2
2021,Indian Brook 14,2021S05101578,52,2332,655,256.0,965,949,3.89,599.3
2021,Inverness,2021S05100390,53,1228,1248,-1.6,633,562,2.73,449.9
2021,Kentville,2021S05100408,54,14905,14449,3.2,7015,6766,27.98,532.7
2021,Kingston - Greenwood,2021S05100416,55,7118,6879,3.5,3167,3017,17.22,413.4
2021,Lake Echo,2021S05101267,56,2365,2515,-6.0,1031,1008,4.76,496.5
2021,Liverpool,2021S05100477,57,2546,2549,-0.1,1339,1239,3.59,708.5
2021,Lunenburg,2021S05100490,58,2405,2262,6.3,1232,1085,3.35,717.7
2021,Middleton,2021S05100530,59,1429,1391,2.7,738,694,2.72,525.4
2021,New Glasgow,2021S05100577,60,19316,19137,0.9,9537,8917,29.82,647.8
2021,New Waterford,2021S05100581,61,6723,7416,-9.3,3414,3196,9.23,728.3
2021,Pictou,2021S05100642,62,2643,2711,-2.5,1377,1238,4.35,608.0
2021,Port Hawkesbury,2021S05100661,63,2998,3004,-0.2,1441,1335,5.0,599.7
2021,Port Williams,2021S05101450,64,1030,1120,-8.0,450,433,1.92,537.7
2021,Shelburne,2021S05100754,65,1439,1483,-3.0,821,708,2.6,553.1
2021,Springhill,2021S05100779,66,2654,2743,-3.2,1361,1235,4.84,548.1
2021,Still Water Lake,2021S05101394,67,3379,3447,-2.0,1153,1138,8.23,410.7
2021,Sydney Mines,2021S05100914,68,12353,12823,-3.7,5940,5552,18.11,682.2
2021,Truro,2021S05100955,69,23583,23205,1.6,11368,10884,31.52,748.3
2021,Windsor,2021S05101030,70,5514,5248,5.1,2549,2416,10.56,522.0
2021,Wolfville,2021S05101037,71,5057,4195,20.5,2856,2441,6.46,783.3
2021,Yarmouth,2021S05101043,72,7848,7527,4.3,4004,3668,16.81,466.8
2021,New Brunswick,2021A000213,73,775610,747101,3.8,366146,337651,71248.5,10.9
2021,Bathurst,2021S05100045,74,15985,15867,0.7,8360,7631,27.92,572.6
2021,Bouctouche,2021S05100105,75,1944,1845,5.4,936,860,4.83,402.6
2021,Campbellton,2021S05100122,76,8833,8790,0.5,4474,4156,17.8,496.1
2021,Caraquet,2021S05100134,77,3190,3185,0.2,1579,1490,7.72,413.1
2021,Chatham - Douglastown,2021S05101105,78,11594,11364,2.0,5759,5399,27.78,417.4
2021,Dalhousie,2021S05100214,79,2372,2351,0.9,1276,1150,2.56,927.4
2021,Edmundston,2021S05100253,80,13125,12945,1.4,6629,6260,19.06,688.6
2021,Fredericton,2021S05100305,81,64614,61014,5.9,30406,28989,89.6,721.1
2021,Grand Falls / Grand-Sault,2021S05100331,82,4349,4490,-3.1,2262,2127,7.17,606.2
2021,Hampton,2021S05100350,83,3499,3436,1.8,1421,1370,7.73,452.8
2021,McEwen,2021S05101352,84,1445,1462,-1.2,746,725,0.83,1742.0
2021,Moncton,2021S05100539,85,119785,109075,9.8,54519,51830,110.73,1081.8
2021,New Maryland,2021S05101451,86,2179,2219,-1.8,793,788,2.7,806.5
2021,Oromocto,2021S05100612,87,8585,8810,-2.6,3708,3483,10.0,858.3
2021,Quispamsis - Rothesay,2021S05101452,88,24881,24549,1.4,9753,9523,37.05,671.5
2021,Richibucto 15,2021S05101453,89,1464,1435,2.0,555,541,2.52,582.0
2021,Sackville,2021S05100732,90,3798,3053,24.4,2085,1758,6.0,633.2
2021,Saint Andrews,2021S05100784,91,1715,1511,13.5,920,789,2.55,672.4
2021,Saint John,2021S05100734,92,63447,61152,3.8,31074,29108,70.05,905.8
2021,Saint-Antoine,2021S05101454,93,1383,1353,2.2,593,567,2.57,538.8
2021,Saint-Quentin,2021S05100797,94,2141,2194,-2.4,1015,976,4.24,504.7
2021,Salisbury,2021S05100735,95,1546,1534,0.8,662,641,2.7,573.4
2021,Shediac,2021S05100753,96,8563,7712,11.0,4579,3927,14.06,609.1
2021,Shippagan,2021S05100760,97,2189,2130,2.8,1043,979,2.84,771.4
2021,St. Leonard,2021S05101158,98,1043,1119,-6.8,506,453,2.01,519.1
2021,St. Stephen,2021S05100798,99,3389,3233,4.8,1752,1598,3.57,948.3
2021,Starlight Village,2021S05101395,100,2222,2193,1.3,767,762,5.27,421.5
2021,Sussex,2021S05100907,101,5447,5308,2.6,2706,2533,10.65,511.5
2021,Tracadie-Sheila,2021S05100946,102,4528,4322,4.8,2170,2072,9.68,467.8
2021,Wells,2021S05101455,103,1263,1266,-0.2,467,460,2.88,438.9
2021,Woodstock,2021S05101038,104,4602,4332,6.2,2153,2041,4.5,1023.1
2021,Quebec,2021A000224,105,8501833,8164361,4.1,4050164,3749035,1298599.75,6.5
2021,Acton Vale,2021S05100002,106,5220,5617,-7.1,2466,2394,5.58,936.0
2021,Alençon,2021S05100005,107,1585,1567,1.1,755,721,2.98,532.3
2021,Alma,2021S05100009,108,20274,21490,-5.7,9987,9533,15.94,1272.2
2021,Amos,2021S05100015,109,9281,10005,-7.2,4794,4542,8.43,1101.2
2021,Amqui,2021S05100016,110,4560,4729,-3.6,2329,2219,6.53,698.0
2021,Angers,2021S05101456,111,7259,6973,4.1,2844,2781,4.76,1524.2
2021,Asbestos,2021S05100023,112,5623,5388,4.4,2933,2805,5.17,1087.3
2021,Ayer's Cliff,2021S05101579,113,1087,963,12.9,568,478,2.32,467.8
2021,Baie-Comeau,2021S05100036,114,9100,9610,-5.3,4487,4221,11.28,806.5
2021,Baie-Saint-Paul,2021S05100037,115,4308,4868,-11.5,2171,2068,4.03,1069.5
2021,Barraute,2021S05100041,116,1090,1099,-0.8,542,523,1.32,823.6
2021,Beauceville,2021S05100047,117,3598,3769,-4.5,1743,1655,6.07,592.5
2021,Beaumont,2021S05101457,118,1209,1210,-0.1,501,481,1.64,738.4
2021,Beaupré,2021S05100050,119,6342,6053,4.8,3560,2923,11.21,565.8
2021,Bedford,2021S05100056,120,2548,2555,-0.3,1319,1228,3.86,660.2
2021,Beloeil,2021S05100063,121,52959,51132,3.6,22212,21811,26.5,1998.5
2021,Berthierville,2021S05100067,122,4677,4715,-0.8,2307,2241,5.11,916.1
2021,Betsiamites,2021S05101338,123,2104,2105,0.0,732,716,1.78,1183.6
2021,Black Lake,2021S05101458,124,3266,3298,-1.0,1653,1571,2.33,1400.5
2021,Bonaventure,2021S05100081,125,1447,1439,0.6,741,717,2.85,507.9
2021,Bromont,2021S05101359,126,5345,4365,22.5,3090,2505,7.92,674.9
2021,Bromptonville,2021S05101459,127,3862,3687,4.7,1615,1569,6.64,581.7
2021,Brownsburg,2021S05101205,128,1315,1425,-7.7,682,635,1.0,1308.7
2021,Buckingham,2021S05101051,129,17407,16791,3.7,8012,7746,19.74,881.7
2021,Cabano,2021S05100111,130,2419,2456,-1.5,1244,1150,3.02,802.1
2021,Cap-Saint-Ignace,2021S05101460,131,1160,1214,-4.4,518,488,2.47,469.8
2021,Cap-aux-Meules,2021S05100129,132,2516,2569,-2.1,1173,1130,6.17,407.9
2021,Carleton,2021S05101337,133,1198,1117,7.3,611,591,1.03,1166.6
2021,Causapscal,2021S05100149,134,1013,1041,-2.7,556,510,1.77,570.7
2021,Chandler,2021S05100154,135,2189,2285,-4.2,1136,1082,1.93,1136.4
2021,Chapais,2021S05100156,136,1289,1318,-2.2,625,572,1.03,1247.7
2021,Chibougamau,2021S05100175,137,6491,6862,-5.4,3200,2895,6.0,1081.2
2021,Chicoutimi - Jonquière,2021S05100176,138,103934,104741,-0.8,52088,49552,94.56,1099.1
2021,Chisasibi,2021S05101340,139,3565,3682,-3.2,969,772,5.42,657.2
2021,Château-Richer,2021S05100162,140,2482,2396,3.6,1123,1073,3.54,701.5
2021,Châteauguay,2021S05101177,141,75891,71164,6.6,30928,30221,50.48,1503.4
2021,Clermont,2021S05100186,142,2693,2765,-2.6,1309,1258,3.72,723.3
2021,Coaticook,2021S05100189,143,6333,6524,-2.9,3093,2975,8.7,728.3
2021,Contrecoeur,2021S05100201,144,7768,6273,23.8,3446,3346,6.25,1243.0
2021,Cowansville,2021S05100208,145,13334,12028,10.9,6684,6427,16.35,815.3
2021,Crabtree,2021S05100209,146,2802,3025,-7.4,1209,1172,2.02,1387.2
2021,Danville,2021S05101186,147,1652,1577,4.8,854,805,2.34,706.7
2021,Daveluyville,2021S05101123,148,1345,1306,3.0,670,629,2.53,531.9
2021,Disraeli,2021S05100230,149,2228,2212,0.7,1266,1175,2.59,859.3
2021,Dolbeau,2021S05100231,150,10849,11494,-5.6,5346,5017,10.49,1034.4
2021,Domaine-C.-L.-C.,2021S05101435,151,1662,1521,9.3,636,624,1.91,871.8
2021,Domaine-Ouellet,2021S05101399,152,3391,2894,17.2,1143,1131,1.17,2910.2
2021,Donnacona,2021S05100233,153,8952,8564,4.5,4145,4015,9.78,915.1
2021,Drummondville,2021S05100240,154,72089,68634,5.0,34938,33834,52.3,1378.3
2021,Dégelis,2021S05100220,155,1751,1798,-2.6,934,876,2.17,807.7
2021,East Angus,2021S05100250,156,3678,3502,5.0,1640,1578,4.9,751.3
2021,East Broughton,2021S05100251,157,1866,1866,0.0,880,842,1.57,1184.9
2021,Farnham,2021S05100276,158,7869,6772,16.2,3758,3538,5.93,1326.8
2021,Ferme-Neuve,2021S05100279,159,1663,1706,-2.5,851,811,1.6,1037.4
2021,Fermont,2021S05101061,160,2151,2288,-6.0,1459,927,1.45,1484.0
2021,Filion,2021S05101318,161,3572,4244,-15.8,1425,1406,3.49,1024.1
2021,Forestville,2021S05100286,162,2193,2333,-6.0,1209,1131,2.9,756.8
2021,Fort-Coulonge,2021S05100299,163,2263,2369,-4.5,970,929,3.83,590.7
2021,Fossambault-sur-le-Lac,2021S05101463,164,3367,2931,14.9,1666,1369,6.44,522.7
2021,Gaspé,2021S05101064,165,2803,2609,7.4,1377,1322,4.95,566.0
2021,Gentilly,2021S05100054,166,1634,1673,-2.3,901,848,1.6,1018.3
2021,Godefroy,2021S05101464,167,1463,1410,3.8,633,615,0.79,1855.4
2021,Granby,2021S05100328,168,62624,59706,4.9,30176,29320,48.39,1294.1
2021,Grande-Rivière,2021S05100337,169,1330,1517,-12.3,733,698,3.31,401.3
2021,Hauterive,2021S05101284,170,11147,11549,-3.5,5441,5130,8.67,1285.5
2021,Havre-Saint-Pierre,2021S05100364,171,2890,3015,-4.1,1364,1235,2.18,1323.6
2021,Hudson,2021S05100379,172,24245,22158,9.4,8892,8747,34.67,699.3
2021,Huntingdon,2021S05100382,173,2673,2553,4.7,1336,1263,2.51,1063.8
2021,Inukjuak,2021S05101465,174,1671,1438,16.2,531,431,1.98,845.6
2021,Joliette,2021S05100396,175,49246,46277,6.4,24181,23066,39.03,1261.7
2021,Kingsey Falls,2021S05101287,176,1419,1452,-2.3,596,580,2.77,512.4
2021,Kuujjuaq,2021S05101466,177,1958,2219,-11.8,910,709,2.46,797.1
2021,L'Ange-Gardien,2021S05101437,178,1720,1600,7.5,695,677,1.47,1168.7
2021,L'Assomption,2021S05100423,179,16443,16024,2.6,6837,6722,11.63,1413.7
2021,L'Épiphanie,2021S05100424,180,7607,7385,3.0,3152,3073,10.1,753.0
2021,La Malbaie,2021S05100430,181,3534,3520,0.4,1990,1725,3.97,890.2
2021,La Pocatière,2021S05100432,182,3921,3954,-0.8,2095,1884,5.22,751.0
2021,La Sarre,2021S05100434,183,5629,5547,1.5,2891,2715,5.9,954.8
2021,La Tuque,2021S05100435,184,7464,7571,-1.4,4041,3742,6.33,1179.0
2021,Labelle,2021S05100437,185,1244,1179,5.5,637,597,2.77,448.3
2021,Lac-Alouette,2021S05101334,186,4687,4557,2.9,2010,1945,6.78,691.5
2021,Lac-Connelly,2021S05101467,187,1272,1212,5.0,697,591,2.16,590.2
2021,Lac-Etchemin,2021S05100442,188,1769,1782,-0.7,806,729,1.65,1070.0
2021,Lac-Lapierre,2021S05101252,189,2533,2480,2.1,1090,1034,2.6,972.8
2021,Lac-Mégantic,2021S05100443,190,5808,5664,2.5,3144,2942,9.32,623.1
2021,Lac-Simon,2021S05101400,191,1134,1333,-14.9,286,285,2.25,503.0
2021,Lachute,2021S05100444,192,11221,10565,6.2,5477,5250,9.59,1169.8
2021,Lacolle,2021S05100445,193,1729,1601,8.0,798,767,3.41,506.9
2021,Laurentides,2021S05100458,194,15768,13023,21.1,6224,6032,12.78,1234.1
2021,Laurier-Station,2021S05101286,195,1856,1894,-2.0,875,845,2.97,624.1
2021,Lavaltrie,2021S05100460,196,11301,10767,5.0,4683,4583,7.03,1607.7
2021,Le Bic,2021S05101238,197,1132,1115,1.5,513,498,1.23,919.8
2021,LeBlanc,2021S05101468,198,1186,1518,-21.9,481,462,1.69,700.9
2021,Lebel-sur-Quévillon,2021S05100464,199,1931,2015,-4.2,1071,864,2.33,828.5
2021,Les Coteaux,2021S05101127,200,19582,17396,12.6,8213,7938,18.13,1080.2
2021,Les Cèdres,2021S05101361,201,2214,2233,-0.9,925,904,1.79,1240.2
2021,Les Escoumins,2021S05100266,202,1274,1339,-4.9,652,617,1.61,792.4
2021,Linière,2021S05100473,203,1400,1385,1.1,632,614,1.61,872.0
2021,Louiseville,2021S05100485,204,5577,5416,3.0,2983,2829,4.0,1394.4
2021,Luceville,2021S05100488,205,1118,1143,-2.2,519,499,1.33,842.1
2021,Macamic,2021S05100492,206,1352,1307,3.4,625,605,2.0,676.0
2021,Magog,2021S05100495,207,22222,21001,5.8,11572,10774,19.57,1135.6
2021,Malartic,2021S05100498,208,2996,2972,0.8,1464,1332,1.68,1778.7
2021,Maliotenam,2021S05101396,209,1458,1363,7.0,486,475,0.8,1829.6
2021,Manawan,2021S05101433,210,1597,1648,-3.1,315,271,0.86,1866.3
2021,Maniwaki,2021S05100500,211,4094,3891,5.2,2302,2055,6.05,677.0
2021,Maria,2021S05101469,212,1421,1422,-0.1,618,582,2.97,478.7
2021,Marieville,2021S05100505,213,10015,9253,8.2,4237,4153,6.74,1485.7
2021,Maskinongé,2021S05101145,214,1409,1368,3.0,659,643,2.15,655.9
2021,Matagami,2021S05100514,215,1340,1396,-4.0,695,584,1.73,776.5
2021,Matane,2021S05100515,216,10371,10787,-3.9,5756,5416,10.16,1020.7
2021,Melocheville,2021S05101470,217,3039,2694,12.8,1391,1355,2.34,1296.8
2021,Mistissini,2021S05101339,218,3190,3523,-9.5,938,843,3.05,1047.0
2021,Mont-Joli,2021S05100540,219,5730,5660,1.2,2826,2717,7.96,720.2
2021,Mont-Laurier,2021S05100541,220,7634,7841,-2.6,4092,3887,10.4,733.8
2021,Mont-Saint-Grégoire,2021S05101581,221,1021,1015,0.6,388,374,1.4,730.9
2021,Montagnac,2021S05101580,222,1041,913,14.0,456,404,2.6,401.1
2021,Montmagny,2021S05100546,223,8881,9041,-1.8,4766,4528,6.73,1318.7
2021,Montréal,2021S05100547,224,3675219,3528651,4.2,1667662,1581599,1382.47,2658.5
2021,Métabetchouan,2021S05100841,225,2222,2167,2.5,1016,966,2.52,882.5
2021,Napierville,2021S05100570,226,4740,4708,0.7,2047,1927,5.8,817.3
2021,Neuville,2021S05101471,227,2543,2512,1.2,1125,1079,3.98,639.4
2021,New Richmond,2021S05100580,228,1886,1901,-0.8,984,943,4.04,467.2
2021,Nicolet,2021S05100587,229,6083,5669,7.3,2704,2593,6.03,1008.5
2021,Normandin,2021S05100591,230,1880,1910,-1.6,918,872,1.93,975.1
2021,Notre-Dame-du-Bon-Conseil,2021S05100564,231,1149,1018,12.9,492,478,1.39,828.2
2021,Notre-Dame-du-Lac,2021S05100565,232,1207,1184,1.9,667,597,2.6,464.9
2021,Notre-Dame-du-Mont-Carmel,2021S05101341,233,1126,1091,3.2,475,467,1.25,899.6
2021,Obedjiwan,2021S05101472,234,1259,1404,-10.3,277,272,0.63,1998.1
2021,Oka,2021S05101362,235,1299,1269,2.4,631,605,1.0,1301.6
2021,Ormstown,2021S05100611,236,1785,1735,2.9,832,798,2.06,866.5
2021,Papineauville,2021S05100623,237,1126,1105,1.9,611,557,1.58,710.5
2021,Parc-Boutin,2021S05101473,238,1246,1127,10.6,452,444,2.67,466.9
2021,Pierreville,2021S05100644,239,1863,1842,1.1,1010,945,2.92,638.8
2021,Plessisville,2021S05100651,240,7028,7228,-2.8,3720,3418,5.87,1197.7
2021,Pont-Rouge,2021S05100653,241,6579,6262,5.1,2803,2730,6.67,986.3
2021,Port-Alfred-Bagotville,2021S05101072,242,13350,13865,-3.7,6518,6270,13.11,1018.3
2021,Port-Cartier,2021S05100668,243,5400,5609,-3.7,2687,2440,4.88,1105.8
2021,Portneuf,2021S05100670,244,2107,2004,5.1,1125,1061,3.11,676.9
2021,Price,2021S05100677,245,1640,1679,-2.3,755,722,1.89,866.8
2021,Princeville,2021S05100682,246,4396,4448,-1.2,2096,2020,3.97,1106.9
2021,Puvirnituq,2021S05101475,247,1456,1038,40.3,449,348,0.87,1674.5
2021,Québec,2021S05100685,248,733156,708280,3.5,365801,345423,442.85,1655.5
2021,Rawdon,2021S05100692,249,5680,5289,7.4,2864,2700,7.68,739.7
2021,Richmond,2021S05100705,250,3079,3046,1.1,1634,1528,5.37,573.0
2021,Rigaud,2021S05100707,251,3038,3613,-15.9,1429,1368,2.49,1221.1
2021,Rimouski,2021S05100709,252,38708,38478,0.6,20231,19158,27.79,1392.7
2021,Rivière-Beaudette,2021S05101582,253,1854,1592,16.5,812,752,3.47,534.4
2021,Rivière-au-Renard,2021S05101066,254,1045,1106,-5.5,524,496,2.1,498.6
2021,Rivière-du-Loup,2021S05100712,255,19081,18321,4.1,9454,8993,20.17,945.8
2021,Roberval,2021S05100715,256,8056,8360,-3.6,3980,3762,5.36,1503.4
2021,Rougemont,2021S05101332,257,1668,1593,4.7,723,709,3.33,500.4
2021,Rouyn-Noranda,2021S05100728,258,23186,23569,-1.6,12414,11534,22.18,1045.2
2021,Roxton Falls,2021S05100729,259,1042,1046,-0.4,521,498,2.28,457.5
2021,Roxton Pond,2021S05101333,260,2701,2301,17.4,1195,1122,3.28,823.0
2021,Saint Grégoire,2021S05101358,261,1651,1597,3.4,719,694,1.4,1175.8
2021,Saint-Agapit,2021S05100800,262,3168,2977,6.4,1399,1359,2.26,1404.1
2021,Saint-Alexandre,2021S05101277,263,1466,1304,12.4,552,535,1.93,758.7
2021,Saint-Alexandre,2021S05101438,264,1342,1093,22.8,503,491,1.29,1038.9
2021,Saint-Alexis-des-Monts,2021S05100801,265,1503,1546,-2.8,868,787,3.37,446.2
2021,Saint-Amable,2021S05101477,266,11199,10144,10.4,4362,4289,7.9,1417.8
2021,Saint-Ambroise,2021S05100802,267,1651,1678,-1.6,723,700,0.89,1845.9
2021,Saint-Ambroise-de-Kildare,2021S05101478,268,1883,1792,5.1,765,755,2.47,763.8
2021,Saint-André-Avellin,2021S05100803,269,1642,1903,-13.7,813,777,2.38,688.7
2021,Saint-Anselme,2021S05100805,270,2729,2688,1.5,1219,1166,3.35,814.2
2021,Saint-Apollinaire,2021S05100302,271,4933,3335,47.9,2095,2049,4.43,1113.1
2021,Saint-Augustin,2021S05101363,272,11769,9453,24.5,4655,4568,11.35,1036.7
2021,Saint-Basile-Sud,2021S05100807,273,1444,1387,4.1,715,683,1.94,745.5
2021,Saint-Bernard,2021S05101479,274,1223,1075,13.8,505,495,0.88,1394.8
2021,Saint-Boniface,2021S05101480,275,1365,1307,4.4,596,582,2.43,560.8
2021,Saint-Bruno,2021S05100368,276,1868,1756,6.4,829,803,1.16,1616.9
2021,Saint-Charles,2021S05101432,277,1357,1482,-8.4,602,585,1.38,983.4
2021,Saint-Chrysostome,2021S05101481,278,1171,1218,-3.9,550,510,1.44,814.2
2021,Saint-Cyrille-de-Wendover,2021S05101148,279,1315,1216,8.1,545,522,0.94,1398.0
2021,Saint-Césaire,2021S05100811,280,3869,3815,1.4,1769,1699,2.35,1647.2
2021,Saint-Damase,2021S05100815,281,1139,1138,0.1,504,491,1.99,572.8
2021,Saint-Damien-de-Buckland,2021S05100816,282,1206,1203,0.2,616,598,1.56,772.8
2021,Saint-Denis,2021S05101326,283,1048,985,6.4,500,485,1.07,978.1
2021,Saint-Donat-de-Montcalm,2021S05100819,284,1512,1479,2.2,1057,792,3.26,464.3
2021,Saint-Elzéar,2021S05101484,285,1152,1122,2.7,476,467,0.66,1753.4
2021,Saint-Fabien,2021S05100822,286,1067,1145,-6.8,526,499,1.53,698.1
2021,Saint-Félicien,2021S05100823,287,6751,7096,-4.9,3419,3222,8.58,786.6
2021,Saint-Félix-de-Valois,2021S05100824,288,3544,2978,19.0,1629,1584,4.07,870.3
2021,Saint-Gabriel,2021S05100825,289,3068,2895,6.0,1653,1505,3.54,866.6
2021,Saint-Georges,2021S05100828,290,27402,27103,1.1,13743,13176,27.09,1011.3
2021,Saint-Germain-de-Grantham,2021S05100830,291,3436,3485,-1.4,1435,1407,2.66,1291.7
2021,Saint-Gédéon,2021S05100826,292,1439,1542,-6.7,673,641,2.42,595.4
2021,Saint-Henri-de-Lévis,2021S05100831,293,1761,1735,1.5,794,777,0.95,1861.5
2021,Saint-Honoré,2021S05100832,294,2394,2265,5.7,975,957,1.99,1200.7
2021,Saint-Hyacinthe,2021S05100834,295,50616,50104,1.0,25081,23974,30.8,1643.6
2021,Saint-Jacques,2021S05100835,296,2647,2269,16.7,1209,1174,3.31,800.0
2021,Saint-Jean-Baptiste,2021S05101485,297,1822,1703,7.0,776,757,3.57,511.0
2021,Saint-Jean-Port-Joli,2021S05100840,298,1381,1407,-1.8,706,668,1.71,806.4
2021,Saint-Jean-de-Matha,2021S05101584,299,1121,1004,11.7,546,488,2.33,480.6
2021,Saint-Jean-sur-Richelieu,2021S05100836,300,88083,85022,3.6,40351,39089,53.8,1637.3
2021,Saint-Joseph-de-Beauce,2021S05100844,301,3494,3695,-5.4,1629,1562,4.3,812.4
2021,Saint-Joseph-de-Lanoraie,2021S05100846,302,2850,2576,10.6,1242,1204,2.89,984.7
2021,Saint-Jovite,2021S05100847,303,6206,5744,8.0,3626,3088,11.41,544.0
2021,Saint-Jérôme,2021S05100842,304,100859,91205,10.6,46659,45071,96.97,1040.1
2021,Saint-Liboire,2021S05101335,305,1844,1775,3.9,682,675,2.15,856.2
2021,Saint-Léonard-d'Aston,2021S05101486,306,1469,1336,10.0,681,657,1.6,918.9
2021,Saint-Marc-des-Carrières,2021S05100849,307,2005,2134,-6.0,963,927,2.61,768.6
2021,Saint-Martin,2021S05100079,308,1672,1592,5.0,784,731,3.37,496.4
2021,Saint-Michel,2021S05101436,309,1745,1558,12.0,608,598,1.06,1654.0
2021,Saint-Michel-de-Bellechasse,2021S05101487,310,1243,1208,2.9,593,536,1.89,656.1
2021,Saint-Michel-des-Saints,2021S05100850,311,1106,1131,-2.2,579,526,1.76,627.1
2021,Saint-Pacôme,2021S05100852,312,1145,940,21.8,410,388,1.16,985.4
2021,Saint-Pascal,2021S05100854,313,2534,2471,2.5,1162,1116,3.35,756.0
2021,Saint-Pie,2021S05100855,314,3189,2980,7.0,1352,1311,2.49,1281.5
2021,Saint-Polycarpe,2021S05101488,315,1365,1165,17.2,578,571,0.86,1595.9
2021,Saint-Prime,2021S05101489,316,1069,1021,4.7,486,462,1.05,1022.4
2021,Saint-Prosper,2021S05100857,317,2006,2319,-13.5,940,922,2.23,897.6
2021,Saint-Raphaël,2021S05100858,318,1093,1113,-1.8,508,487,1.08,1013.4
2021,Saint-Raymond,2021S05100859,319,3057,3242,-5.7,1579,1467,4.37,699.2
2021,Saint-Roch-de-Richelieu,2021S05101585,320,1031,841,22.6,463,448,1.49,690.0
2021,Saint-Roch-de-l'Achigan,2021S05101342,321,2136,1949,9.6,877,857,1.41,1515.1
2021,Saint-Rémi,2021S05100861,322,7025,6891,1.9,3065,2986,4.01,1752.9
2021,Saint-Sauveur-des-Monts,2021S05100863,323,8854,7849,12.8,5635,4786,10.06,880.2
2021,Saint-Sulpice,2021S05101261,324,1769,1853,-4.5,760,745,1.17,1515.3
2021,Saint-Thomas,2021S05101490,325,1589,1416,12.2,691,674,1.63,975.3
2021,Saint-Tite,2021S05100866,326,2190,2381,-8.0,1315,1201,2.69,814.6
2021,Saint-Éphrem-de-Tring,2021S05101235,327,1373,1385,-0.9,636,600,1.98,692.5
2021,Saint-Étienne-des-Grès,2021S05101583,328,1455,1407,3.4,609,594,2.42,600.4
2021,Sainte-Adèle,2021S05100874,329,6019,5894,2.1,3495,3141,9.1,661.7
2021,Sainte-Agathe-des-Monts - Val-David,2021S05101482,330,12136,11348,6.9,7091,6064,19.51,622.2
2021,Sainte-Anne-des-Monts,2021S05100876,331,3370,3576,-5.8,1924,1750,6.43,524.2
2021,Sainte-Anne-des-Plaines,2021S05101179,332,11269,10865,3.7,4560,4482,4.07,2772.1
2021,Sainte-Brigitte-de-Laval,2021S05101483,333,4872,4244,14.8,1953,1887,6.07,802.7
2021,Sainte-Catherine-de-la-Jacques-Cartier,2021S05101398,334,1757,1643,6.9,661,655,0.83,2129.7
2021,Sainte-Claire,2021S05100877,335,2226,2389,-6.8,1064,1024,1.8,1238.7
2021,Sainte-Croix,2021S05100878,336,1424,1401,1.6,715,650,2.29,620.9
2021,Sainte-Julienne,2021S05101184,337,3469,3263,6.3,1698,1553,6.49,534.2
2021,Sainte-Justine,2021S05101154,338,1079,1077,0.2,483,454,1.18,915.7
2021,Sainte-Madeleine,2021S05100881,339,1989,1959,1.5,886,863,2.38,834.0
2021,Sainte-Marie,2021S05100882,340,10716,11220,-4.5,4614,4519,10.65,1006.1
2021,Sainte-Martine,2021S05100883,341,4412,3931,12.2,1928,1891,3.48,1266.0
2021,Sainte-Thècle,2021S05100885,342,1302,1375,-5.3,685,636,2.29,569.3
2021,Salaberry-de-Valleyfield,2021S05100971,343,41655,39655,5.0,20450,19596,33.93,1227.6
2021,Salluit,2021S05101491,344,1107,1255,-11.8,327,292,0.76,1449.3
2021,Scott,2021S05101586,345,1433,1293,10.8,614,587,2.64,543.7
2021,Senneterre,2021S05100746,346,2212,2239,-1.2,1211,1134,3.07,721.0
2021,Sept-Îles,2021S05100748,347,21352,22218,-3.9,10818,9672,13.25,1612.0
2021,Shannon,2021S05101492,348,3131,3179,-1.5,1293,1199,3.95,792.0
2021,Shawinigan,2021S05100750,349,38930,38695,0.6,21798,20127,31.77,1225.4
2021,Shawville,2021S05100752,350,1329,1203,10.5,624,578,1.89,703.4
2021,Sherbrooke,2021S05100758,351,151157,140300,7.7,77092,72074,102.61,1473.1
2021,Sorel,2021S05100770,352,36650,36365,0.8,18639,17887,30.61,1197.5
2021,Stanstead,2021S05101493,353,1483,1475,0.5,727,670,2.35,630.7
2021,Stoneham,2021S05101494,354,1905,1854,2.8,719,695,2.68,710.4
2021,Terrasse-des-Pins,2021S05101434,355,4395,4382,0.3,1839,1798,6.53,673.1
2021,Thetford Mines,2021S05100929,356,17046,16236,5.0,8606,8069,15.1,1129.2
2021,Thurso,2021S05100936,357,2833,2533,11.8,1397,1315,3.07,924.2
2021,Trois-Pistoles,2021S05100952,358,3031,3076,-1.5,1639,1513,4.06,746.5
2021,Trois-Rivières,2021S05100953,359,128057,124158,3.1,65496,62077,98.58,1299.0
2021,Témiscaming,2021S05100920,360,1308,1361,-3.9,719,640,1.24,1055.1
2021,Val-Maher,2021S05101495,361,1674,1668,0.4,636,628,2.98,562.2
2021,Val-d'Or,2021S05100965,362,25473,25590,-0.5,12673,12079,25.17,1011.9
2021,Valcourt,2021S05100968,363,1805,1806,-0.1,923,879,2.97,608.3
2021,Vallée-Jonction,2021S05100969,364,1213,1273,-4.7,562,543,1.06,1141.2
2021,Varennes,2021S05100976,365,20591,20585,0.0,8275,8163,10.36,1987.5
2021,Venise-en-Québec,2021S05101587,366,1069,920,16.2,668,539,1.43,748.5
2021,Verchères,2021S05100981,367,4359,4429,-1.6,1875,1827,2.99,1457.8
2021,Victoriaville,2021S05100987,368,46322,44735,3.5,22430,21207,35.27,1313.5
2021,Ville Lambert,2021S05101397,369,2544,2596,-2.0,1086,1054,2.67,951.8
2021,Ville-Marie,2021S05100989,370,2017,2113,-4.5,1060,1002,1.84,1096.9
2021,Warwick,2021S05101000,371,3239,3200,1.2,1519,1463,3.89,832.3
2021,Waskaganish,2021S05101386,372,1807,1839,-1.7,437,401,0.81,2227.0
2021,Waterloo,2021S05101004,373,4727,4273,10.6,2322,2168,7.74,611.1
2021,Wemindji,2021S05101588,374,1324,1209,9.5,422,335,0.71,1861.4
2021,Whapmagoostui - Kuujjuarapik,2021S05101589,375,1411,365,286.6,359,333,0.9,1559.8
2021,Windsor,2021S05101033,376,4981,5074,-1.8,2298,2216,4.92,1012.4
2021,Yamachiche,2021S05101042,377,1222,1245,-1.8,536,524,1.85,661.4
2021,Évain,2021S05101462,378,2329,2441,-4.6,913,899,1.97,1181.0
2021,Ontario,2021A000235,379,14223942,13448494,5.8,5929250,5491201,892411.76,15.9
2021,Acton,2021S05100001,380,9377,9462,-0.9,3585,3519,7.84,1196.4
2021,Alexandria,2021S05100006,381,2906,2845,2.1,1478,1416,2.07,1404.6
2021,Alfred,2021S05100007,382,1086,1185,-8.4,516,491,0.87,1254.9
2021,Alliston,2021S05100008,383,23253,19092,21.8,8968,8739,18.78,1238.3
2021,Almonte,2021S05100010,384,6098,5536,10.2,2810,2728,4.16,1466.6
2021,Amherstburg,2021S05100014,385,15177,14003,8.4,6210,6050,13.7,1107.9
2021,Amigo Beach,2021S05101327,386,1924,1598,20.4,822,734,2.57,747.7
2021,Angus - Borden CFB-BFC,2021S05100018,387,14503,12561,15.5,5158,5008,14.19,1022.0
2021,Arnprior,2021S05100021,388,11305,10426,8.4,5149,4982,12.09,935.1
2021,Arthur,2021S05100022,389,2628,2556,2.8,1043,1007,4.24,619.4
2021,Atikokan,2021S05100028,390,1929,1965,-1.8,1043,912,2.37,815.1
2021,Attawapiskat 91A,2021S05101497,391,1586,1501,5.7,404,359,1.33,1189.4
2021,Aylmer,2021S05100030,392,7975,7753,2.9,3243,3131,7.2,1107.8
2021,Ayr,2021S05100031,393,5383,4858,10.8,1871,1841,5.76,934.4
2021,Azilda,2021S05101498,394,4793,4716,1.6,2087,2051,4.91,976.6
2021,Ballantrae,2021S05101370,395,3224,3223,0.0,1494,1455,7.06,456.4
2021,Barrie,2021S05100043,396,154676,146394,5.7,59529,57533,95.33,1622.5
2021,Barry's Bay,2021S05100044,397,1084,1259,-13.9,586,509,2.25,481.3
2021,Bath,2021S05101403,398,1825,1670,9.3,851,836,3.87,471.1
2021,Bayfield,2021S05101499,399,1394,1235,12.9,1066,717,2.86,487.4
2021,Beamsville,2021S05101075,400,13323,11869,12.3,4970,4866,9.89,1347.8
2021,Beaverton,2021S05100053,401,3347,2822,18.6,1456,1344,4.81,696.3
2021,Beeton,2021S05100058,402,4151,3891,6.7,1533,1510,2.5,1659.1
2021,Belleville,2021S05100061,403,75052,68859,9.0,33827,32433,89.48,838.7
2021,Belmont,2021S05101239,404,1275,1140,11.8,500,492,0.99,1284.6
2021,Big Bay Point,2021S05101590,405,1670,844,97.9,1365,770,2.63,636.0
2021,Binbrook,2021S05101404,406,10791,8794,22.7,3549,3510,6.41,1684.5
2021,Blenheim,2021S05100075,407,4487,4344,3.3,2110,2036,4.6,974.5
2021,Blind River,2021S05100076,408,2174,2284,-4.8,1142,1068,3.82,569.7
2021,Bobcaygeon,2021S05100077,409,3576,3525,1.4,1895,1740,5.15,694.4
2021,Bolton,2021S05100080,410,26795,26378,1.6,9158,8823,20.71,1294.0
2021,Bourget,2021S05101500,411,1175,1169,0.5,462,450,2.23,527.8
2021,Bowmanville - Newcastle,2021S05100087,412,56742,48929,16.0,21017,20486,31.23,1816.8
2021,Bracebridge,2021S05100088,413,9884,9232,7.1,4470,4269,13.38,738.5
2021,Bradford,2021S05100089,414,38128,30765,23.9,12210,11809,16.1,2368.2
2021,Brantford,2021S05100092,415,104413,98250,6.3,43130,41539,62.13,1680.6
2021,Bridgenorth - Chemong Park Area,2021S05100094,416,3072,2950,4.1,1321,1208,6.98,439.9
2021,Brighton,2021S05100097,417,5847,5879,-0.5,2836,2713,7.02,833.2
2021,Brockville,2021S05100098,418,22293,21854,2.0,11163,10710,18.7,1192.3
2021,Burford,2021S05101313,419,1058,792,33.6,449,440,2.01,525.3
2021,Caledon,2021S05101319,420,1466,1482,-1.1,508,495,2.84,515.5
2021,Caledon East,2021S05101356,421,4568,4282,6.7,1458,1412,6.44,709.9
2021,Caledonia,2021S05100114,422,12179,9833,23.9,4434,4311,9.18,1326.7
2021,Campbellford,2021S05100121,423,3372,3473,-2.9,1608,1510,3.72,906.8
2021,Cannington,2021S05100126,424,1839,1845,-0.3,757,727,1.81,1018.0
2021,Capreol,2021S05100133,425,2919,2920,0.0,1285,1257,2.26,1294.2
2021,Cardinal,2021S05100137,426,1770,1717,3.1,863,831,2.44,724.9
2021,Carleton Place,2021S05100140,427,13940,11970,16.5,5876,5741,12.89,1081.7
2021,Carlisle,2021S05101255,428,1858,1869,-0.6,636,626,2.56,725.4
2021,Carp,2021S05101591,429,1477,1290,14.5,558,552,2.05,721.6
2021,Casselman,2021S05100144,430,3970,3563,11.4,1635,1583,5.16,770.0
2021,Cayuga,2021S05100150,431,1720,1713,0.4,727,695,2.13,806.6
2021,Chalk River,2021S05101502,432,1061,1044,1.6,453,428,1.92,552.9
2021,Chapleau,2021S05100157,433,1144,1170,-2.2,612,543,0.59,1929.5
2021,Chatham,2021S05100167,434,45171,43550,3.7,20559,19735,31.21,1447.4
2021,Chelmsford,2021S05101503,435,6199,6220,-0.3,2826,2729,5.5,1126.9
2021,Chesley,2021S05100170,436,1879,1843,2.0,866,809,1.91,982.9
2021,Chesterville,2021S05100172,437,1564,1677,-6.7,651,636,1.86,839.9
2021,Chippawa,2021S05101504,438,6077,5620,8.1,2519,2435,3.72,1633.8
2021,Claremont,2021S05101505,439,1215,1202,1.1,413,402,2.12,573.6
2021,Clinton,2021S05100187,440,3113,3049,2.1,1452,1390,2.89,1075.3
2021,Cobourg,2021S05100190,441,19830,19031,4.2,9213,8844,15.57,1273.2
2021,Cochrane,2021S05100192,442,3774,3669,2.9,1748,1626,3.66,1031.7
2021,Colborne,2021S05100193,443,1474,1577,-6.5,696,668,1.74,847.6
2021,Colchester,2021S05101147,444,2334,2229,4.7,1231,1031,3.06,763.9
2021,Collingwood,2021S05100198,445,22983,20213,13.7,12133,10314,16.38,1403.1
2021,Coniston,2021S05101507,446,1782,1814,-1.8,778,752,2.25,793.4
2021,Constance Bay,2021S05101321,447,2263,2314,-2.2,1107,988,5.56,407.0
2021,Cookstown,2021S05101248,448,1647,1214,35.7,557,546,1.14,1440.6
2021,Cornwall,2021S05100205,449,47286,46114,2.5,21999,21189,32.4,1459.6
2021,Corunna,2021S05101508,450,6266,5822,7.6,2530,2449,3.79,1654.5
2021,Craigleith and Swiss Meadows,2021S05101592,451,1259,546,130.6,1182,614,3.08,409.0
2021,Creemore,2021S05101132,452,1194,1170,2.1,508,469,1.59,750.8
2021,Crystal Beach,2021S05101063,453,9531,8524,11.8,5229,4306,11.34,840.5
2021,Deep River,2021S05100218,454,3860,3782,2.1,1852,1748,4.31,896.2
2021,Delhi,2021S05100221,455,5344,5069,5.4,2357,2279,3.83,1394.2
2021,Deseronto,2021S05100225,456,1598,1645,-2.9,732,658,1.27,1258.9
2021,Dorchester,2021S05101509,457,4355,4400,-1.0,1670,1657,5.81,749.1
2021,Dowling,2021S05101084,458,1449,1466,-1.2,575,561,1.35,1073.9
2021,Drayton,2021S05101317,459,2279,2111,8.0,803,780,2.8,813.9
2021,Dresden,2021S05100238,460,2401,2451,-2.0,1070,1039,2.78,863.3
2021,Dryden,2021S05100241,461,5355,5596,-4.3,2647,2475,6.53,820.4
2021,Dundalk,2021S05100244,462,2803,2046,37.0,1055,997,2.41,1161.8
2021,Dunnville,2021S05100246,463,5907,5759,2.6,2735,2584,5.44,1086.8
2021,Durham,2021S05100248,464,2755,2609,5.6,1245,1191,3.24,849.6
2021,Dutton,2021S05101170,465,1658,1454,14.0,687,668,2.0,830.5
2021,Eganville,2021S05100256,466,1149,1085,5.9,570,527,2.26,508.2
2021,Elliot Lake,2021S05100257,467,10998,10503,4.7,5993,5664,10.27,1071.4
2021,Elmira,2021S05100258,468,10790,10273,5.0,4173,4103,8.15,1323.3
2021,Elmvale,2021S05100259,469,2520,2314,8.9,1064,1037,1.98,1275.1
2021,Embrun,2021S05100260,470,8680,6968,24.6,3278,3229,10.18,852.3
2021,Englehart,2021S05100264,471,1371,1418,-3.3,684,648,1.31,1047.1
2021,Erin,2021S05100265,472,2725,2647,2.9,1035,1008,4.1,664.9
2021,Espanola,2021S05100267,473,3986,3714,7.3,1881,1793,3.87,1030.5
2021,Essex,2021S05100268,474,8233,7446,10.6,3411,3304,5.56,1481.1
2021,Everett,2021S05101330,475,1570,1670,-6.0,553,540,1.58,992.0
2021,Exeter,2021S05100272,476,4863,4649,4.6,2200,2139,4.39,1107.2
2021,Factory Island,2021S05101426,477,1530,1812,-15.6,605,474,1.44,1065.5
2021,Fenelon Falls,2021S05100277,478,2490,2464,1.1,1466,1183,3.98,625.7
2021,Fergus,2021S05100278,479,23209,20928,10.9,9403,9158,18.31,1267.6
2021,Forest,2021S05100285,480,2429,2277,6.7,1128,1085,2.33,1042.8
2021,Fort Erie,2021S05101062,481,15372,14772,4.1,6856,6486,14.62,1051.8
2021,Fort Frances,2021S05100290,482,7159,7420,-3.5,3631,3311,7.29,982.2
2021,Frankford,2021S05100303,483,3079,2825,9.0,1308,1268,2.91,1056.9
2021,Gananoque,2021S05100310,484,5383,5159,4.3,2767,2562,7.01,768.4
2021,Georgetown,2021S05100314,485,44058,42326,4.1,15501,15266,25.7,1714.0
2021,Geraldton,2021S05100315,486,1761,1838,-4.2,889,798,2.64,666.8
2021,Glencoe,2021S05100321,487,2158,2126,1.5,992,956,2.66,810.0
2021,Goderich,2021S05100324,488,7728,7536,2.5,3811,3591,4.51,1712.3
2021,Golden,2021S05100038,489,1143,1154,-1.0,509,456,0.93,1229.7
2021,Grand Bend,2021S05101297,490,3031,2684,12.9,2498,1605,6.39,474.3
2021,Grand Valley,2021S05101129,491,2720,1825,49.0,1021,999,2.88,945.9
2021,Gravenhurst,2021S05100339,492,5789,5660,2.3,2732,2569,6.32,916.1
2021,Guelph,2021S05100343,493,144356,132705,8.8,59899,56666,79.57,1814.3
2021,Hagersville,2021S05100346,494,3059,2939,4.1,1326,1289,3.15,971.5
2021,Haileybury,2021S05100347,495,3247,3281,-1.0,1558,1449,3.0,1080.6
2021,Haliburton Village,2021S05101510,496,1078,1149,-6.2,557,514,2.2,491.1
2021,Hamilton,2021S05100349,497,729560,693362,5.2,300424,288383,356.03,2049.2
2021,Hanover,2021S05100352,498,7761,7507,3.4,3690,3348,7.14,1086.6
2021,Harriston,2021S05100359,499,1887,1797,5.0,732,702,1.3,1446.1
2021,Harrow,2021S05100360,500,2562,2710,-5.5,1039,1012,2.86,897.1
2021,Hastings,2021S05101241,501,1388,1159,19.8,714,639,2.15,644.5
2021,Havelock,2021S05100363,502,1055,1175,-10.2,486,443,1.15,915.5
2021,Hawkesbury,2021S05100365,503,11755,11732,0.2,6139,5867,10.82,1086.4
2021,Hawkesbury (Ontario part),2021S0511350365,504,9975,10055,-0.8,5208,4983,8.34,1195.6
2021,Hawkesbury (Quebec part),2021S0511240365,505,1780,1677,6.1,931,884,2.48,718.8
2021,Hearst,2021S05100367,506,3537,3835,-7.8,1775,1691,5.02,704.4
2021,Hensall,2021S05101243,507,1126,1021,10.3,468,453,1.86,603.9
2021,Horseshoe Valley,2021S05101593,508,1127,866,30.1,418,407,2.68,420.6
2021,Huntsville,2021S05100383,509,6639,6482,2.4,3206,2971,8.73,760.6
2021,Ilderton,2021S05101406,510,2250,1985,13.4,793,785,1.19,1893.9
2021,Ingersoll,2021S05100386,511,13607,12694,7.2,5594,5435,10.32,1318.7
2021,Ingleside,2021S05101511,512,1487,1384,7.4,670,657,1.76,846.0
2021,Innerkip,2021S05101594,513,1342,894,50.1,491,486,1.47,914.2
2021,Innisfil,2021S05101512,514,29464,24277,21.4,11265,10475,23.71,1242.5
2021,Iroquois,2021S05100391,515,1406,1299,8.2,663,650,2.01,698.6
2021,Iroquois Falls,2021S05100392,516,2866,2955,-3.0,1422,1351,1.56,1834.5
2021,Jarvis,2021S05101151,517,1214,1084,12.0,439,427,0.56,2159.8
2021,Kanata,2021S05100399,518,137118,118308,15.9,49662,48713,62.35,2199.2
2021,Kapuskasing,2021S05100400,519,7092,7378,-3.9,3723,3395,8.63,822.1
2021,Kasabonika Lake,2021S05101595,520,1060,849,24.9,252,228,1.13,934.3
2021,Kemptville,2021S05100405,521,4051,3911,3.6,1851,1796,3.73,1085.9
2021,Kenora,2021S05100406,522,10974,11112,-1.2,5534,4958,15.25,719.6
2021,Keswick - Elmhurst Beach,2021S05101067,523,27145,26999,0.5,10284,9841,16.56,1639.2
2021,Kincardine,2021S05100412,524,9343,8506,9.8,4574,3995,9.59,973.9
2021,King,2021S05101513,525,8396,6970,20.5,2730,2662,14.2,591.1
2021,Kingston,2021S05100415,526,127943,119061,7.5,61662,56450,83.43,1533.6
2021,Kirkland Lake,2021S05100418,527,6180,6305,-2.0,3581,3082,4.17,1480.7
2021,Kitchener,2021S05100419,528,522888,473230,10.5,210386,200052,296.45,1763.8
2021,L'Orignal,2021S05100427,529,1359,1483,-8.4,636,595,2.91,467.6
2021,Lakefield,2021S05100450,530,2943,2768,6.3,1371,1321,2.69,1093.7
2021,Leamington,2021S05100463,531,35730,33049,8.1,14121,13495,31.77,1124.7
2021,Limoges,2021S05101514,532,2213,2048,8.1,805,797,1.22,1807.3
2021,Lindsay,2021S05100472,533,22367,20713,8.0,10300,9821,15.57,1436.7
2021,Listowel,2021S05100474,534,9539,7530,26.7,4023,3910,6.73,1417.0
2021,Little Current,2021S05100475,535,1210,1558,-22.3,728,565,2.23,542.6
2021,Lively,2021S05101102,536,5569,5613,-0.8,2261,2154,11.67,477.2
2021,London,2021S05100480,537,423369,384784,10.0,186675,174961,244.97,1728.3
2021,Long Sault,2021S05101515,538,2154,1951,10.4,896,876,2.35,917.1
2021,Longlac,2021S05100481,539,1316,1434,-8.2,650,562,1.74,756.7
2021,Lucan,2021S05100487,540,3089,2541,21.6,1215,1185,2.01,1534.7
2021,Lucknow,2021S05100489,541,1154,1121,2.9,506,486,1.69,683.2
2021,Madoc,2021S05100494,542,1489,1540,-3.3,744,701,2.19,680.2
2021,Manitouwadge,2021S05100499,543,1682,1735,-3.1,924,795,2.35,715.5
2021,Manotick Station,2021S05101402,544,5873,5776,1.7,2028,2007,9.09,646.0
2021,Marathon,2021S05100504,545,3022,3138,-3.7,1527,1354,4.33,698.4
2021,Marchmont - Bass Lake,2021S05101516,546,1902,1562,21.8,744,677,4.09,464.9
2021,Markdale,2021S05100506,547,1206,1216,-0.8,598,564,2.3,524.8
2021,Marmora,2021S05100508,548,1499,1639,-8.5,729,661,2.15,697.2
2021,Mattawa,2021S05100516,549,1721,1812,-5.0,825,763,2.13,809.6
2021,McGregor,2021S05101517,550,1536,1859,-17.4,620,608,3.32,462.5
2021,Meaford,2021S05100522,551,5078,4945,2.7,2651,2424,5.9,861.0
2021,Merrickville,2021S05101596,552,1036,1016,2.0,498,472,2.0,516.9
2021,Metcalfe,2021S05101323,553,1811,1776,2.0,673,663,2.19,826.7
2021,Midland,2021S05100531,554,26246,24443,7.4,11874,11149,27.41,957.5
2021,Mildmay,2021S05101301,555,1222,1219,0.2,536,509,1.6,765.2
2021,Millbrook,2021S05101308,556,1739,1695,2.6,654,635,2.07,840.8
2021,Milton,2021S05100532,557,124579,101885,22.3,37981,37179,45.2,2755.9
2021,Milverton,2021S05100533,558,1797,1586,13.3,711,686,1.33,1356.0
2021,Mississauga Beach,2021S05101083,559,5293,4662,13.5,2822,2477,5.81,910.4
2021,Mitchell,2021S05100538,560,4868,4604,5.7,1996,1950,5.08,958.6
2021,Moosonee,2021S05101390,561,1471,1405,4.7,612,475,1.64,898.8
2021,Morrisburg,2021S05100556,562,2398,2385,0.5,1065,1022,1.36,1759.5
2021,Mount Albert,2021S05101272,563,5695,5021,13.4,1968,1930,4.67,1218.4
2021,Mount Brydges,2021S05100557,564,2656,2117,25.5,1001,965,5.5,482.8
2021,Mount Forest,2021S05100558,565,5040,4643,8.6,2250,2174,3.73,1352.9
2021,Munster,2021S05101322,566,1145,939,21.9,429,425,0.67,1707.7
2021,Napanee,2021S05100569,567,8173,7439,9.9,3562,3424,7.92,1032.3
2021,New Dundee,2021S05101429,568,1174,1119,4.9,440,430,1.53,767.4
2021,New Hamburg,2021S05100578,569,14379,13595,5.8,5399,5315,15.75,913.0
2021,New Liskeard,2021S05101518,570,4232,4444,-4.8,2023,1908,7.02,602.9
2021,Nobleton,2021S05101071,571,6507,4924,32.1,1919,1889,8.58,758.0
2021,North Bay,2021S05100595,572,51433,50396,2.1,24491,23008,64.91,792.4
2021,Norwich,2021S05100599,573,3038,2852,6.5,1195,1158,2.69,1127.3
2021,Norwood,2021S05100600,574,1585,1380,14.9,620,601,1.99,794.8
2021,Omemee,2021S05101307,575,1060,1271,-16.6,451,431,2.12,499.8
2021,Orangeville,2021S05100609,576,34177,32318,5.8,12520,12259,19.77,1728.9
2021,Orillia,2021S05100610,577,33379,31128,7.2,15416,14410,22.68,1471.7
2021,Oro Station - Hawkestone,2021S05101520,578,1806,1691,6.8,806,710,2.22,813.3
2021,Orono,2021S05100613,579,1104,1105,-0.1,437,428,1.36,814.2
2021,Osgoode,2021S05101264,580,2535,2578,-1.7,949,935,2.97,852.2
2021,Oshawa,2021S05100614,581,335949,309759,8.5,124322,120661,159.79,2102.4
2021,Ottawa - Gatineau,2021S05100616,582,1068821,994576,7.5,470979,446411,549.49,1945.1
2021,Ottawa - Gatineau (Ontario part),2021S0511350616,583,797252,737702,8.1,346772,328727,357.18,2232.1
2021,Ottawa - Gatineau (Quebec part),2021S0511240616,584,271569,256874,5.7,124207,117684,192.31,1412.1
2021,Owen Sound,2021S05100619,585,22318,22032,1.3,10647,10133,20.86,1069.6
2021,Paisley,2021S05101128,586,1061,1045,1.5,526,489,1.8,590.5
2021,Palgrave,2021S05101521,587,1107,1044,6.0,428,416,1.84,602.6
2021,Palmerston,2021S05100622,588,2989,2624,13.9,1220,1184,2.54,1177.3
2021,Paris,2021S05100624,589,14956,12389,20.7,5838,5657,13.55,1103.6
2021,Parkhill,2021S05100625,590,1707,1737,-1.7,732,692,2.45,696.4
2021,Parry Sound,2021S05100628,591,6788,6321,7.4,3468,3160,7.95,853.4
2021,Pembroke,2021S05100631,592,16571,16203,2.3,7848,7463,17.47,948.5
2021,Perth,2021S05100634,593,6486,6042,7.3,3281,3163,9.39,690.4
2021,Petawawa,2021S05101086,594,14382,13870,3.7,5593,5292,16.01,898.4
2021,Peterborough,2021S05100636,595,84793,82149,3.2,38472,36429,54.58,1553.7
2021,Petrolia,2021S05100639,596,5632,5402,4.3,2372,2313,6.29,895.9
2021,Picton,2021S05100641,597,4508,4395,2.6,2567,2277,5.43,830.4
2021,Plattsville,2021S05101522,598,1520,1366,11.3,546,539,1.37,1106.4
2021,Porcupine,2021S05101100,599,5832,5811,0.4,2620,2467,5.78,1009.3
2021,Port Colborne,2021S05101523,600,15441,14800,4.3,7085,6835,13.29,1161.6
2021,Port Dover,2021S05100658,601,7871,6984,12.7,4028,3696,8.12,969.4
2021,Port Elgin,2021S05100659,602,9619,8297,15.9,4540,4047,8.03,1197.7
2021,Port Hope,2021S05100662,603,13012,12587,3.4,5901,5692,12.72,1023.1
2021,Port Perry,2021S05100665,604,9553,9453,1.1,3855,3741,8.76,1090.2
2021,Port Rowan,2021S05101524,605,1357,1354,0.2,739,707,3.17,428.3
2021,Port Stanley,2021S05100666,606,3008,2231,34.8,1702,1409,3.78,796.1
2021,Powassan,2021S05100672,607,1241,1343,-7.6,509,483,1.68,739.2
2021,Prescott,2021S05100675,608,4078,4217,-3.3,1992,1888,4.02,1015.1
2021,Red Lake,2021S05101389,609,1263,1182,6.9,610,566,1.54,819.2
2021,Renfrew,2021S05100699,610,8337,8308,0.3,4188,4012,12.14,686.6
2021,Richmond,2021S05100704,611,4228,4055,4.3,1586,1564,4.1,1031.8
2021,Ridgetown,2021S05100706,612,2797,3002,-6.8,1371,1293,2.73,1026.1
2021,Rockland,2021S05100719,613,13625,12399,9.9,5477,5368,8.15,1671.1
2021,Rockwood,2021S05101209,614,5488,4629,18.6,2044,1970,5.92,926.5
2021,Russell,2021S05101306,615,6135,5039,21.8,2301,2275,4.56,1344.5
2021,Sandy Lake 88,2021S05101597,616,1601,49,3167.3,426,376,1.35,1184.4
2021,Sarnia,2021S05100737,617,73944,73403,0.7,34738,32893,60.53,1221.5
2021,Sault Ste. Marie,2021S05100739,618,64923,66313,-2.1,31864,29743,52.97,1225.8
2021,Schomberg,2021S05101357,619,2656,2691,-1.3,1059,1030,2.39,1111.8
2021,Seaforth,2021S05100744,620,2673,2680,-0.3,1248,1202,2.79,957.9
2021,Shelburne,2021S05100755,621,8989,8126,10.6,3147,3023,5.71,1574.6
2021,Simcoe,2021S05100762,622,16121,14649,10.0,7406,7118,16.5,977.0
2021,Sioux Lookout,2021S05100763,623,3781,2941,28.6,1724,1554,6.32,598.2
2021,Smiths Falls,2021S05100766,624,9517,9068,5.0,4629,4411,6.71,1418.9
2021,Smithville,2021S05100767,625,6456,5724,12.8,2378,2339,6.11,1056.2
2021,Southampton,2021S05101176,626,3993,3678,8.6,2588,1888,6.43,620.7
2021,St. Catharines - Niagara Falls,2021S05100788,627,242460,229776,5.5,106697,101120,140.59,1724.5
2021,St. Clements,2021S05101428,628,1240,820,51.2,463,456,1.51,821.1
2021,St. George,2021S05101315,629,3354,3255,3.0,1262,1246,2.97,1130.8
2021,St. Jacobs,2021S05101245,630,1959,1988,-1.5,740,727,2.81,697.5
2021,St. Marys,2021S05100795,631,7271,7137,1.9,3158,3072,10.09,720.4
2021,St. Thomas,2021S05100799,632,45732,41834,9.3,19671,19123,28.1,1627.2
2021,Stayner,2021S05100871,633,4699,4258,10.4,1864,1806,4.83,973.2
2021,Stevensville,2021S05101525,634,1316,1179,11.6,546,512,2.52,522.3
2021,Stirling,2021S05100892,635,2074,2030,2.2,863,832,3.03,684.0
2021,Stoney Point,2021S05101312,636,1394,1318,5.8,622,558,2.46,567.6
2021,Stouffville,2021S05101020,637,36753,32634,12.6,12078,11875,14.17,2593.6
2021,Stratford,2021S05100897,638,32878,31094,5.7,15237,14599,23.3,1411.2
2021,Strathroy,2021S05100899,639,16056,14505,10.7,6713,6553,15.3,1049.6
2021,Sturgeon Falls,2021S05100901,640,6939,6916,0.3,3336,3197,6.15,1128.7
2021,Sudbury,2021S05100904,641,92093,88155,4.5,44970,41857,75.79,1215.1
2021,Sunderland,2021S05101431,642,1490,1243,19.9,561,537,1.13,1318.1
2021,Sutton,2021S05100908,643,8477,7653,10.8,3746,3379,12.55,675.6
2021,Tavistock,2021S05100919,644,3171,2955,7.3,1288,1256,2.64,1200.8
2021,Tay,2021S05101526,645,6188,5474,13.0,2767,2499,8.64,716.3
2021,Thamesford,2021S05100925,646,2622,2116,23.9,953,939,2.76,949.6
2021,Thessalon,2021S05100928,647,1147,1175,-2.4,546,509,1.88,611.0
2021,Thornbury,2021S05100932,648,3474,2873,20.9,2121,1638,5.87,592.2
2021,Thornton,2021S05101430,649,1046,1017,2.9,363,358,1.11,946.5
2021,Thunder Bay,2021S05100935,650,95266,94767,0.5,45751,43291,76.03,1253.0
2021,Tilbury,2021S05100938,651,4687,4768,-1.7,1948,1901,4.14,1131.1
2021,Tillsonburg,2021S05100939,652,18573,15834,17.3,8479,8215,18.97,979.2
2021,Timmins,2021S05101099,653,28874,29331,-1.6,13801,12757,18.49,1561.3
2021,Tiny Beaches North,2021S05101598,654,1065,922,15.5,850,490,2.28,466.8
2021,Toronto,2021S05100944,655,5647656,5433590,3.9,2201935,2077579,1829.05,3087.7
2021,Tottenham,2021S05100945,656,9609,5422,77.2,3334,3264,9.93,968.0
2021,Tweed,2021S05100957,657,1541,1701,-9.4,779,690,2.5,617.3
2021,Uxbridge,2021S05100963,658,11794,11832,-0.3,4651,4528,15.46,762.7
2021,Valley East,2021S05100970,659,17251,17451,-1.1,6673,6536,25.82,668.1
2021,Vankleek Hill,2021S05100975,660,1781,1742,2.2,896,855,2.23,797.9
2021,Vineland,2021S05101269,661,4395,4260,3.2,1857,1820,5.8,757.7
2021,Virgil,2021S05101371,662,3008,2937,2.4,1295,1235,2.41,1245.8
2021,Walkerton,2021S05100998,663,4724,4537,4.1,2149,1984,3.9,1210.8
2021,Wallaceburg,2021S05100999,664,10323,10098,2.2,4759,4556,8.84,1167.4
2021,Wasaga Beach,2021S05101331,665,22194,18653,19.0,12134,9518,28.21,786.8
2021,Waterford,2021S05101003,666,4227,3676,15.0,1823,1768,3.51,1203.2
2021,Watford,2021S05101006,667,1563,1536,1.8,648,613,1.17,1337.4
2021,Wawa,2021S05100394,668,2431,2610,-6.9,1207,1097,1.76,1380.1
2021,Welland - Pelham,2021S05101528,669,69302,63011,10.0,29874,28828,57.21,1211.4
2021,Wellesley,2021S05101299,670,3536,3246,8.9,1222,1206,1.67,2114.6
2021,Wellington,2021S05101159,671,1526,1353,12.8,955,819,3.3,462.6
2021,Wendover,2021S05101529,672,2176,1785,21.9,879,858,3.58,608.0
2021,West Lorne,2021S05101011,673,1385,1337,3.6,624,590,1.81,763.3
2021,Wheatley,2021S05101017,674,3060,2868,6.7,1032,996,3.4,898.8
2021,Wiarton,2021S05101026,675,1996,1989,0.4,1058,978,2.36,847.4
2021,Wikwemikong,2021S05101305,676,1417,1567,-9.6,556,522,3.44,411.6
2021,Winchester,2021S05101029,677,2417,2394,1.0,1108,1075,2.26,1068.3
2021,Windsor,2021S05101032,678,306519,288363,6.3,127879,121732,184.96,1657.2
2021,Wingham,2021S05101034,679,2981,2934,1.6,1408,1338,2.47,1206.5
2021,Woodstock,2021S05101039,680,46296,40614,14.0,19384,18747,34.41,1345.6
2021,Wyoming,2021S05101041,681,2348,2361,-0.6,971,947,4.59,511.8
2021,Manitoba,2021A000246,682,1342153,1278365,5.0,571528,518054,540310.19,2.5
2021,Altona,2021S05100011,683,4227,4177,1.2,1759,1699,4.8,880.4
2021,Arborg,2021S05101530,684,1279,1222,4.7,528,497,2.0,639.6
2021,Beausejour,2021S05100051,685,3123,3003,4.0,1475,1397,3.11,1003.1
2021,Blumenort,2021S05101416,686,1738,1675,3.8,578,564,3.17,548.2
2021,Boissevain,2021S05100078,687,1567,1656,-5.4,733,697,2.54,618.1
2021,Brandon,2021S05100091,688,50532,48345,4.5,22320,21003,28.73,1759.1
2021,Carberry,2021S05100135,689,1823,1748,4.3,850,797,2.4,759.9
2021,Carman,2021S05100142,690,2970,3022,-1.7,1395,1332,2.85,1042.1
2021,Chemawawin 2,2021S05101599,691,1163,1131,2.8,356,250,1.51,768.0
2021,Cross Lake 19,2021S05101600,692,1387,1252,10.8,341,297,3.05,455.2
2021,Cross Lake 19A,2021S05101531,693,1826,2041,-10.5,435,381,3.3,553.9
2021,Dauphin,2021S05100215,694,8034,8233,-2.4,3877,3619,7.95,1010.4
2021,Flin Flon,2021S05100282,695,4722,4810,-1.8,2441,2180,3.74,1262.5
2021,Flin Flon (Manitoba part),2021S0511460282,696,4640,4667,-0.6,2383,2142,3.58,1295.9
2021,Flin Flon (Saskatchewan part),2021S0511470282,697,82,143,-42.7,58,38,0.16,514.1
2021,Gimli,2021S05100317,698,2345,2251,4.2,1508,1119,3.02,775.7
2021,Grunthal,2021S05101414,699,1782,1680,6.1,636,618,2.7,661.2
2021,Ile des Chênes,2021S05101532,700,1572,1528,2.9,647,624,1.83,858.1
2021,Killarney,2021S05100410,701,2499,2315,7.9,1134,1026,3.45,724.4
2021,La Broquerie,2021S05101601,702,1332,1034,28.8,502,479,2.98,447.0
2021,La Salle,2021S05101533,703,2471,1874,31.9,784,772,3.0,823.9
2021,Lac du Bonnet,2021S05101225,704,1064,1089,-2.3,549,496,2.26,470.7
2021,Landmark,2021S05101534,705,1284,1237,3.8,458,442,2.22,579.1
2021,Lorette,2021S05101373,706,3230,2904,11.2,1167,1134,3.15,1027.0
2021,Minnedosa,2021S05100534,707,2407,2224,8.2,1137,1063,2.23,1079.8
2021,Mitchell,2021S05101411,708,3136,2523,24.3,965,940,4.08,768.7
2021,Morden,2021S05100553,709,9103,8058,13.0,3871,3714,8.53,1066.9
2021,Morris,2021S05100555,710,1801,1714,5.1,786,745,2.26,797.4
2021,Neepawa,2021S05100572,711,4938,3939,25.4,1681,1615,2.36,2094.9
2021,Nelson House 170,2021S05101602,712,1351,1675,-19.3,273,260,2.7,500.4
2021,Niverville,2021S05101133,713,5593,4363,28.2,1866,1833,4.23,1323.0
2021,Oak Bluff,2021S05101535,714,1442,1051,37.2,481,475,2.52,572.3
2021,Oakbank,2021S05101365,715,5041,4604,9.5,1760,1716,5.39,935.4
2021,Pinawa,2021S05100645,716,1512,1441,4.9,755,684,2.14,707.0
2021,Portage la Prairie,2021S05100669,717,12944,13013,-0.5,5980,5518,9.93,1303.9
2021,Roblin,2021S05100716,718,1603,1614,-0.7,855,774,2.71,590.6
2021,Russell,2021S05100730,719,1622,1498,8.3,760,684,1.9,853.1
2021,Selkirk,2021S05100745,720,9761,9604,1.6,4383,4180,5.93,1646.4
2021,Shilo CFB-BFC,2021S05100759,721,1362,1419,-4.0,640,545,1.25,1090.7
2021,Souris,2021S05100771,722,1935,1900,1.8,938,850,2.5,772.6
2021,St-Pierre-Jolys,2021S05101536,723,1305,1170,11.5,518,508,2.61,500.5
2021,St. Adolphe,2021S05101254,724,1595,1367,16.7,582,578,1.74,915.8
2021,St. Andrews,2021S05101603,725,1001,1026,-2.4,387,382,2.33,430.1
2021,St. Theresa Point,2021S05101413,726,1083,1038,4.3,206,191,1.53,705.8
2021,Ste. Anne,2021S05100872,727,2891,2114,36.8,1204,1151,4.14,699.0
2021,Steinbach,2021S05100887,728,17589,15790,11.4,7004,6751,17.8,988.0
2021,Stonewall,2021S05100894,729,5046,4809,4.9,2127,2051,5.96,846.4
2021,Stony Mountain,2021S05100895,730,2160,1800,20.0,507,490,1.99,1086.5
2021,Swan River,2021S05100911,731,3989,3969,0.5,1994,1801,5.73,696.1
2021,Teulon,2021S05101537,732,1087,1095,-0.7,543,501,1.87,580.9
2021,The Pas,2021S05100927,733,7302,6402,14.1,2784,2568,8.4,869.4
2021,Thompson,2021S05100930,734,12329,13037,-5.4,5222,4472,7.81,1578.9
2021,Virden,2021S05100991,735,2904,3082,-5.8,1413,1317,2.33,1245.5
2021,Wasagamack,2021S05101604,736,1689,579,191.7,341,341,3.66,461.0
2021,Winkler,2021S05101035,737,15335,14311,7.2,5659,5498,19.02,806.4
2021,Winnipeg,2021S05101036,738,758515,712858,6.4,318706,303646,356.99,2124.7
2021,Saskatchewan,2021A000247,739,1132505,1098352,3.1,513725,449581,577060.4,2.0
2021,Assiniboia,2021S05100025,740,2333,2389,-2.3,1235,1069,2.39,978.0
2021,Balgonie,2021S05101329,741,1736,1745,-0.5,619,612,1.34,1298.7
2021,Battleford,2021S05101538,742,3651,3750,-2.6,1619,1513,2.14,1705.8
2021,Biggar,2021S05100071,743,2045,2165,-5.5,996,911,1.51,1354.3
2021,Birch Hills,2021S05101421,744,1066,1033,3.2,475,450,2.39,446.6
2021,Canora,2021S05100127,745,1763,1725,2.2,948,829,1.66,1059.7
2021,Carlyle,2021S05100141,746,1519,1503,1.1,682,618,2.16,703.5
2021,Carnduff,2021S05100143,747,1125,1023,10.0,520,423,0.97,1161.4
2021,Caronport,2021S05101605,748,1008,984,2.4,368,323,0.99,1014.4
2021,Dalmeny,2021S05101212,749,1703,1769,-3.7,606,594,1.5,1137.8
2021,Davidson,2021S05101606,750,1039,1038,0.1,517,461,1.8,576.7
2021,Delisle,2021S05101539,751,1024,1038,-1.3,460,426,1.08,949.6
2021,Esterhazy,2021S05100269,752,2191,2367,-7.4,1288,1000,2.47,888.0
2021,Estevan,2021S05100270,753,10629,11316,-6.1,5258,4493,9.43,1127.6
2021,Foam Lake,2021S05100283,754,1070,1022,4.7,525,488,1.41,761.1
2021,Fort Qu'Appelle,2021S05100294,755,1866,1920,-2.8,881,802,2.09,892.4
2021,Hudson Bay,2021S05100380,756,1332,1368,-2.6,748,665,1.3,1025.5
2021,Humboldt,2021S05100381,757,5313,5194,2.3,2374,2182,3.48,1525.9
2021,Indian Head,2021S05100385,758,1819,1824,-0.3,862,795,1.73,1054.3
2021,Kamsack,2021S05100398,759,1659,1775,-6.5,841,734,1.6,1034.9
2021,Kindersley,2021S05100413,760,2938,3052,-3.7,1501,1294,1.79,1643.8
2021,La Loche,2021S05101607,761,2009,1913,5.0,604,555,1.55,1292.1
2021,La Ronge,2021S05101188,762,5317,5709,-6.9,1797,1630,8.76,606.8
2021,Langham,2021S05101230,763,1349,1319,2.3,525,494,0.88,1530.5
2021,Lanigan,2021S05100455,764,1277,1245,2.6,587,521,1.83,696.7
2021,Lumsden,2021S05101153,765,1800,1824,-1.3,732,700,4.09,440.6
2021,Macklin,2021S05101231,766,1098,1193,-8.0,485,442,0.76,1435.9
2021,Maple Creek,2021S05100502,767,2151,2074,3.7,1075,980,1.57,1372.4
2021,Martensville,2021S05101213,768,10499,9645,8.9,3789,3631,5.48,1915.8
2021,Meadow Lake,2021S05100521,769,5141,5266,-2.4,2042,1857,3.28,1567.8
2021,Melfort,2021S05100524,770,5718,5778,-1.0,2702,2494,4.33,1319.1
2021,Melville,2021S05100527,771,4075,4127,-1.3,2152,1948,2.84,1434.5
2021,Moose Jaw,2021S05100549,772,32813,32993,-0.5,15814,14417,22.14,1481.8
2021,Moosomin,2021S05100551,773,2478,2548,-2.7,1159,1056,1.93,1284.8
2021,Nipawin,2021S05100588,774,4147,4016,3.3,1880,1737,3.37,1231.6
2021,North Battleford,2021S05100594,775,13649,14135,-3.4,6273,5625,8.67,1575.2
2021,Osler,2021S05101443,776,1251,1237,1.1,429,420,1.62,771.7
2021,Outlook,2021S05100618,777,2112,2065,2.3,984,931,2.82,749.3
2021,Oxbow,2021S05100620,778,1051,1126,-6.7,475,409,1.19,883.4
2021,Pelican Narrows,2021S05101423,779,2133,2281,-6.5,432,405,2.73,781.9
2021,Pilot Butte,2021S05101211,780,2364,1871,26.3,883,853,2.75,858.7
2021,Prince Albert,2021S05100678,781,36768,35102,4.7,15188,14017,21.37,1720.2
2021,Regina,2021S05100698,782,224996,214664,4.8,98426,91485,105.61,2130.4
2021,Regina Beach,2021S05101374,783,1790,1629,9.9,1272,836,2.72,657.2
2021,Rosetown,2021S05100724,784,2384,2331,2.3,1171,1064,1.89,1260.9
2021,Rosthern,2021S05100726,785,1475,1488,-0.9,628,587,1.68,877.1
2021,Sandy Bay - Wapaskokimaw 202,2021S05101608,786,1104,910,21.3,288,233,2.68,412.0
2021,Saskatoon,2021S05100738,787,264637,245904,7.6,115029,106542,134.63,1965.6
2021,Shaunavon,2021S05100749,788,1769,1699,4.1,918,794,1.73,1019.8
2021,Shellbrook,2021S05100756,789,1330,1277,4.2,626,594,1.41,944.3
2021,Stanley Mission 157,2021S05101379,790,1987,1935,2.7,559,523,2.69,739.7
2021,Swift Current,2021S05100912,791,16304,16264,0.2,7682,7038,14.69,1110.2
2021,Tisdale,2021S05100943,792,2878,3136,-8.2,1569,1338,2.8,1026.2
2021,Unity,2021S05100960,793,2406,2475,-2.8,1110,1014,2.42,992.3
2021,Wadena,2021S05100995,794,1127,1139,-1.1,598,540,1.48,763.7
2021,Waldheim,2021S05101609,795,1113,1080,3.1,405,387,0.99,1127.5
2021,Warman,2021S05101137,796,12362,10961,12.8,4292,4144,7.65,1616.0
2021,Watrous,2021S05101007,797,1817,1865,-2.6,898,841,1.96,927.7
2021,Weyburn,2021S05101016,798,10883,10755,1.2,5085,4604,8.51,1279.0
2021,White City,2021S05101328,799,4713,4264,10.5,1547,1520,6.32,745.3
2021,Wilkie,2021S05101027,800,1124,1149,-2.2,556,497,1.51,743.3
2021,Wynyard,2021S05101040,801,1667,1732,-3.8,888,787,1.66,1005.3
2021,Yorkton,2021S05101045,802,15969,16046,-0.5,7398,6845,10.68,1495.5
2021,Alberta,2021A000248,803,4262635,4067175,4.8,1772670,1633220,634658.27,6.7
2021,Airdrie,2021S05100003,804,73578,61082,20.5,26853,26124,33.03,2227.3
2021,Alberta Beach - Val Quentin,2021S05101540,805,1103,1327,-16.9,1051,528,1.69,651.2
2021,Athabasca,2021S05101311,806,1181,1250,-5.5,602,521,2.03,581.1
2021,Banff,2021S05100040,807,8305,7851,5.8,3287,2930,4.08,2033.8
2021,Barrhead,2021S05100042,808,4055,4387,-7.6,1874,1731,4.73,857.4
2021,Bassano,2021S05101279,809,1186,1201,-1.2,583,531,1.33,894.9
2021,Beaumont,2021S05101202,810,20779,17396,19.4,7124,6907,10.4,1998.2
2021,Beaverlodge,2021S05100052,811,2251,2440,-7.7,1010,914,3.33,676.4
2021,Black Diamond,2021S05101139,812,2574,2552,0.9,1174,1120,2.15,1199.0
2021,Blackfalds,2021S05101173,813,10315,9161,12.6,3895,3727,8.93,1155.4
2021,Blairmore,2021S05100074,814,1522,1545,-1.5,896,731,2.04,747.7
2021,Bon Accord,2021S05101214,815,1451,1529,-5.1,585,550,2.13,682.1
2021,Bonnyville,2021S05100083,816,6359,5858,8.6,2964,2518,6.4,994.0
2021,Bow Island,2021S05100086,817,1829,1773,3.2,655,609,1.3,1402.4
2021,Bowden,2021S05101387,818,1275,1240,2.8,621,583,2.82,452.9
2021,Brooks,2021S05100101,819,14904,14436,3.2,5483,5134,12.78,1166.2
2021,Calgary,2021S05100115,820,1305550,1240413,5.3,530846,502138,621.72,2099.9
2021,Calmar,2021S05101360,821,1883,1986,-5.2,803,766,1.33,1418.3
2021,Camrose,2021S05100123,822,18454,18520,-0.4,8604,8003,17.1,1079.3
2021,Canmore,2021S05100125,823,13268,12021,10.4,7199,5514,12.96,1023.7
2021,Cardiff,2021S05101610,824,1033,1167,-11.5,395,379,0.98,1056.2
2021,Cardston,2021S05100138,825,3519,3389,3.8,1268,1197,3.88,907.3
2021,Carriage Lane Estates,2021S05101611,826,1094,1008,8.5,336,321,1.34,814.7
2021,Carstairs,2021S05101140,827,3660,3080,18.8,1405,1366,4.76,769.6
2021,Chestermere,2021S05101368,828,21425,19477,10.0,6654,6483,8.99,2382.5
2021,Clairmont,2021S05101346,829,2808,2411,16.5,1133,1041,4.16,675.1
2021,Claresholm,2021S05100183,830,3434,3424,0.3,1641,1532,2.68,1279.6
2021,Coaldale,2021S05100188,831,8592,8153,5.4,3272,3181,5.84,1470.9
2021,Coalhurst,2021S05101249,832,2818,2623,7.4,1038,1008,1.76,1598.6
2021,Cochrane,2021S05100191,833,31638,25501,24.1,12341,11882,23.71,1334.6
2021,Cold Lake,2021S05101542,834,7201,6795,6.0,3022,2808,5.71,1262.1
2021,Coleman,2021S05101543,835,1441,1475,-2.3,907,722,1.99,722.8
2021,Crossfield,2021S05101216,836,3579,2973,20.4,1375,1320,3.99,895.9
2021,Devon,2021S05100226,837,6545,6578,-0.5,2588,2496,14.26,459.1
2021,Didsbury,2021S05100227,838,5024,5206,-3.5,2138,2028,5.43,925.0
2021,Drayton Valley,2021S05100237,839,6970,6867,1.5,3105,2762,7.22,965.6
2021,Drumheller,2021S05100239,840,6497,6439,0.9,3096,2804,9.48,685.2
2021,Edmonton,2021S05100252,841,1151635,1070998,7.5,484165,449923,627.2,1836.2
2021,Edson,2021S05100254,842,8166,8148,0.2,3684,3306,10.7,762.9
2021,Elk Point,2021S05101200,843,1394,1437,-3.0,677,586,2.26,617.0
2021,Fairview,2021S05100274,844,2427,2598,-6.6,1183,1051,2.26,1072.3
2021,Fort Macleod,2021S05100291,845,3038,2718,11.8,1356,1261,2.28,1330.4
2021,Fort McMurray,2021S05100292,846,68002,67123,1.3,28670,24505,52.17,1303.5
2021,Fort Saskatchewan,2021S05101546,847,26831,23944,12.1,10779,10306,21.85,1228.1
2021,Fox Creek,2021S05100301,848,1426,1730,-17.6,834,574,1.36,1048.2
2021,Gibbons,2021S05101141,849,2989,2973,0.5,1187,1108,4.78,625.8
2021,Grand Centre,2021S05100330,850,7514,7256,3.6,3390,2968,18.07,415.8
2021,Grande Cache,2021S05100335,851,3037,3286,-7.6,1370,1120,3.72,815.4
2021,Grande Prairie,2021S05100336,852,63172,62382,1.3,27098,24514,49.74,1270.2
2021,Grimshaw,2021S05100342,853,2519,2599,-3.1,1185,1040,4.13,609.7
2021,Hanna,2021S05100351,854,2234,2332,-4.2,1187,1031,2.29,975.4
2021,Heritage Pointe,2021S05101547,855,1974,2075,-4.9,726,707,4.78,412.7
2021,High Level,2021S05100371,856,3461,2746,26.0,1271,1151,2.68,1289.3
2021,High Prairie,2021S05100372,857,2065,2264,-8.8,969,810,2.37,872.7
2021,High River,2021S05100373,858,14119,13420,5.2,5854,5698,10.13,1394.0
2021,Hinton,2021S05100374,859,9191,9205,-0.2,4140,3759,12.97,708.4
2021,Innisfail,2021S05100387,860,7016,6937,1.1,3271,2966,5.23,1342.1
2021,Irricana,2021S05101369,861,1135,1160,-2.2,456,444,1.14,996.7
2021,Jasper,2021S05101174,862,4029,3948,2.1,1776,1586,1.84,2189.0
2021,La Crète,2021S05101347,863,2911,2739,6.3,1125,1063,3.02,963.3
2021,Lac la Biche,2021S05100439,864,2138,2294,-6.8,991,819,2.94,726.2
2021,Lacombe,2021S05100446,865,12835,12740,0.7,5203,4927,11.87,1081.0
2021,Lamont,2021S05101199,866,1328,1347,-1.4,564,519,1.93,687.4
2021,Lancaster Park,2021S05101548,867,1253,1501,-16.5,469,439,0.92,1366.9
2021,Langdon,2021S05101367,868,5193,5060,2.6,1693,1667,4.32,1203.4
2021,Leduc,2021S05100465,869,33505,29561,13.3,13207,12684,67.43,496.9
2021,Legal,2021S05101549,870,1164,1251,-7.0,459,425,1.79,649.6
2021,Lethbridge,2021S05100467,871,92563,89309,3.6,40434,37989,64.0,1446.2
2021,Lloydminster,2021S05100478,872,31582,31400,0.6,13530,12077,24.43,1292.6
2021,Lloydminster (Alberta part),2021S0511480478,873,19739,19645,0.5,8529,7635,16.85,1171.1
2021,Lloydminster (Saskatchewan part),2021S0511470478,874,11843,11755,0.7,5001,4442,7.58,1562.6
2021,Magrath,2021S05100496,875,2308,2235,3.3,770,744,2.7,853.6
2021,Manning,2021S05100501,876,1027,1072,-4.2,503,441,1.37,748.1
2021,Mayerthorpe,2021S05100517,877,1171,1205,-2.8,524,467,1.29,908.6
2021,Medicine Hat,2021S05100523,878,63382,63111,0.4,28666,27162,53.2,1191.5
2021,Millet,2021S05101201,879,1847,1905,-3.0,814,776,2.18,846.7
2021,Morinville,2021S05100554,880,10385,9848,5.5,3981,3768,11.15,931.0
2021,Nanton,2021S05101138,881,1984,1970,0.7,915,871,1.56,1272.8
2021,Nobleford,2021S05101407,882,1438,1278,12.5,462,446,0.98,1473.8
2021,Okotoks,2021S05100606,883,30214,28833,4.8,10666,10398,17.23,1753.3
2021,Olds,2021S05100607,884,8983,8944,0.4,3997,3722,9.51,944.6
2021,Peace River,2021S05100629,885,4264,4348,-1.9,2046,1723,5.06,843.4
2021,Penhold,2021S05101198,886,3359,3210,4.6,1353,1284,1.65,2037.2
2021,Picture Butte,2021S05100643,887,1808,1700,6.4,686,646,1.95,926.1
2021,Pincher Creek,2021S05100646,888,3463,3523,-1.7,1607,1473,4.06,853.7
2021,Ponoka,2021S05100652,889,7032,6899,1.9,3193,2959,5.61,1253.6
2021,Provost,2021S05100683,890,1834,1945,-5.7,824,732,2.09,876.5
2021,Raymond,2021S05100693,891,3942,3553,10.9,1305,1256,3.92,1005.9
2021,Red Deer,2021S05100694,892,99846,99773,0.1,42979,40133,65.93,1514.4
2021,Redcliff,2021S05101550,893,5385,5474,-1.6,2206,2117,7.39,728.3
2021,Redwater,2021S05100697,894,1802,1591,13.3,845,773,2.01,897.4
2021,Rimbey,2021S05100708,895,2258,2349,-3.9,1065,973,3.63,621.8
2021,Rocky Mountain House,2021S05100720,896,6518,6429,1.4,2972,2592,7.47,872.8
2021,Sexsmith,2021S05101242,897,2275,2461,-7.6,862,790,1.83,1244.1
2021,Slave Lake,2021S05100764,898,6542,6155,6.3,2575,2312,6.63,987.4
2021,Springbrook,2021S05101551,899,1534,1502,2.1,604,579,2.19,701.8
2021,Spruce Grove,2021S05100780,900,39348,36279,8.5,15518,15009,29.76,1322.4
2021,St. Paul,2021S05100796,901,5685,5728,-0.8,2390,2214,5.03,1130.5
2021,Stettler,2021S05100890,902,5595,5872,-4.7,2513,2328,7.46,749.9
2021,Stirling,2021S05101612,903,1134,938,20.9,368,349,2.03,558.1
2021,Stony Plain,2021S05101258,904,17253,16416,5.1,7136,6802,17.73,973.3
2021,Strathmore,2021S05100898,905,13851,13592,1.9,5585,5355,9.46,1463.5
2021,Sundre,2021S05101164,906,1781,1866,-4.6,803,752,2.37,750.9
2021,Swan Hills,2021S05100910,907,1191,1275,-6.6,700,505,2.39,497.8
2021,Sylvan Lake,2021S05100915,908,16142,14977,7.8,7267,6452,10.49,1539.3
2021,Taber,2021S05100916,909,8978,8558,4.9,3521,3387,15.69,572.1
2021,Three Hills,2021S05100934,910,2902,3078,-5.7,1183,1110,3.14,924.4
2021,Tofield,2021S05101165,911,1811,1854,-2.3,804,748,1.22,1483.1
2021,Turner Valley,2021S05101552,912,2409,2373,1.5,1025,965,3.3,730.0
2021,Two Hills,2021S05101302,913,1379,1291,6.8,510,432,1.25,1099.9
2021,Valleyview,2021S05100972,914,1280,1421,-9.9,599,500,1.55,824.6
2021,Vauxhall,2021S05101553,915,1286,1222,5.2,457,436,2.71,474.7
2021,Vegreville,2021S05100980,916,5383,5436,-1.0,2614,2351,5.05,1065.6
2021,Vermilion,2021S05100982,917,3552,3697,-3.9,1731,1488,3.66,971.4
2021,Vulcan,2021S05100993,918,1558,1680,-7.3,755,699,1.7,913.9
2021,Wainwright,2021S05100996,919,6461,6153,5.0,2848,2602,5.08,1270.6
2021,Wembley,2021S05101197,920,1432,1516,-5.5,616,550,2.2,651.5
2021,Westlake,2021S05101554,921,2040,1363,49.7,654,635,3.27,624.7
2021,Westlock,2021S05101012,922,4820,4957,-2.8,2333,2104,5.26,915.9
2021,Wetaskiwin,2021S05101015,923,12438,12491,-0.4,5584,5136,12.11,1026.9
2021,Whitecourt,2021S05101022,924,9195,9515,-3.4,4013,3578,10.22,899.3
2021,British Columbia,2021A000259,925,5000879,4648055,7.6,2211694,2041834,920686.55,5.4
2021,Abbotsford,2021S05101048,926,132300,122163,8.3,49176,47091,71.2,1858.3
2021,Aldergrove,2021S05101218,927,13105,12126,8.1,4747,4554,7.03,1864.4
2021,Aldergrove East,2021S05101408,928,4496,3491,28.8,1314,1233,2.55,1765.5
2021,Armstrong,2021S05100020,929,5323,5114,4.1,2292,2217,5.22,1020.0
2021,Ashcroft,2021S05100024,930,1182,1084,9.0,643,576,2.05,577.8
2021,Barriere,2021S05101613,931,1273,1169,8.9,557,502,3.09,412.1
2021,Blind Bay,2021S05101350,932,2369,2113,12.1,1117,1036,4.14,572.1
2021,Burns Lake,2021S05100110,933,2117,1942,9.0,864,791,3.12,679.1
2021,Campbell River,2021S05100119,934,38108,35440,7.5,17246,16562,33.0,1154.7
2021,Castlegar,2021S05100146,935,10029,9592,4.6,4442,4245,19.01,527.7
2021,Chase,2021S05100161,936,2377,2263,5.0,1238,1166,2.33,1018.8
2021,Chemainus,2021S05100169,937,4033,3612,11.7,2099,2016,5.82,693.0
2021,Chilliwack,2021S05100177,938,81622,73171,11.5,34302,33030,56.02,1456.9
2021,Cobble Hill,2021S05101557,939,3610,3580,0.8,1692,1651,6.67,541.0
2021,Courtenay,2021S05100207,940,48917,45314,8.0,22691,21901,56.58,864.6
2021,Cowichan Bay,2021S05101410,941,2799,2557,9.5,1227,1162,4.47,626.5
2021,Cranbrook,2021S05100210,942,20008,19641,1.9,8831,8558,16.32,1225.8
2021,Creston,2021S05100212,943,5459,5236,4.3,2741,2604,6.04,903.9
2021,Crofton,2021S05101375,944,1446,1373,5.3,633,606,2.76,524.0
2021,Cultus Lake,2021S05101314,945,1164,1053,10.5,739,564,1.8,647.5
2021,Cumberland,2021S05100213,946,4190,3600,16.4,1809,1732,3.91,1071.0
2021,Dawson Creek,2021S05100217,947,11706,11621,0.7,5817,5094,12.34,948.4
2021,Duck Lake,2021S05101262,948,12725,10085,26.2,5792,5320,24.93,510.5
2021,Duncan,2021S05100243,949,24358,23559,3.4,11013,10552,22.75,1070.8
2021,Elkford,2021S05101143,950,1908,1788,6.7,1142,823,3.07,622.2
2021,Enderby,2021S05100262,951,3028,2964,2.2,1508,1436,4.26,710.4
2021,Fairwinds,2021S05101556,952,1207,1147,5.2,682,607,2.13,567.0
2021,Fernie,2021S05100280,953,5519,4860,13.6,2789,2282,4.49,1228.4
2021,Fort Nelson,2021S05100293,954,2611,3371,-22.5,1622,1173,5.02,519.9
2021,Fort St. James,2021S05100297,955,1497,1721,-13.0,697,619,3.22,465.6
2021,Fort St. John,2021S05100298,956,21123,20026,5.5,9868,8653,14.89,1419.0
2021,Gibsons,2021S05100316,957,9603,9199,4.4,4845,4401,14.11,680.4
2021,Golden,2021S05100326,958,3640,3403,7.0,1709,1566,6.12,594.8
2021,Grand Forks,2021S05100333,959,4166,4100,1.6,1985,1893,8.21,507.7
2021,Harrison Hot Springs,2021S05101377,960,1552,1242,25.0,873,733,1.17,1329.0
2021,Hope,2021S05100376,961,4434,4197,5.6,2167,2000,5.48,809.3
2021,Houston,2021S05101221,962,2085,2126,-1.9,1016,885,2.94,708.1
2021,Invermere,2021S05100389,963,3340,2911,14.7,1880,1418,3.44,971.4
2021,Kamloops,2021S05100397,964,92442,85702,7.9,39771,38082,74.35,1243.3
2021,Kelowna,2021S05100403,965,181380,160095,13.3,83287,77446,168.92,1073.7
2021,Kent,2021S05101325,966,3936,3911,0.6,1769,1670,4.02,978.0
2021,Keremeos,2021S05101558,967,1791,1714,4.5,938,888,2.84,629.5
2021,Kimberley,2021S05100411,968,4908,4679,4.9,2300,2158,4.51,1087.6
2021,Kitimat,2021S05100420,969,6727,6822,-1.4,3763,3028,4.88,1377.5
2021,Ladner,2021S05101559,970,23016,22193,3.7,9286,9028,7.38,3120.3
2021,Ladysmith,2021S05100447,971,11194,10637,5.2,5125,4920,13.85,808.2
2021,Lake Cowichan,2021S05100449,972,3181,3089,3.0,1506,1425,4.14,768.5
2021,Lillooet,2021S05100470,973,1652,1570,5.2,886,809,2.37,696.7
2021,Lions Bay,2021S05101217,974,1390,1334,4.2,557,506,2.53,549.0
2021,Logan Lake,2021S05101144,975,1356,1208,12.3,726,665,0.94,1441.5
2021,Lumby,2021S05101175,976,1484,1303,13.9,627,607,1.14,1298.8
2021,Mackenzie,2021S05100493,977,2856,3262,-12.4,1634,1323,3.43,833.3
2021,Merritt,2021S05100529,978,5248,5321,-1.4,2435,2293,4.43,1185.0
2021,Mile 108 Recreational Ranch,2021S05101614,979,1043,1018,2.5,491,459,2.59,402.9
2021,Miller's Landing,2021S05101409,980,1437,1230,16.8,669,576,1.91,750.6
2021,Mission,2021S05101560,981,36193,33713,7.4,12702,12185,27.23,1328.9
2021,Nakusp,2021S05100567,982,1112,1135,-2.0,606,554,1.31,846.0
2021,Nanaimo,2021S05100568,983,106079,96415,10.0,47554,45512,86.76,1222.7
2021,Naramata,2021S05101561,984,1012,1013,-0.1,505,444,2.39,423.0
2021,Nelson,2021S05100574,985,11198,10669,5.0,5358,4992,7.45,1503.7
2021,Okanagan Falls,2021S05101562,986,2202,2167,1.6,1248,1078,3.33,660.5
2021,Oliver,2021S05100608,987,5708,5437,5.0,2746,2598,5.67,1007.1
2021,One Hundred Mile House,2021S05101047,988,1706,1811,-5.8,864,809,2.4,710.2
2021,Osoyoos,2021S05100615,989,4859,4537,7.1,2919,2279,4.24,1147.2
2021,Parksville,2021S05100626,990,27330,25364,7.8,13872,13155,27.45,995.7
2021,Peachland,2021S05101563,991,5006,4698,6.6,2572,2353,9.83,509.5
2021,Pemberton,2021S05101351,992,2970,2269,30.9,1242,1184,2.82,1051.8
2021,Penticton,2021S05100632,993,36893,33899,8.8,18426,17361,25.84,1427.7
2021,Port Alberni,2021S05100654,994,21711,20910,3.8,10438,9898,28.49,762.0
2021,Port Hardy,2021S05101087,995,3393,3643,-6.9,1662,1494,5.15,659.3
2021,Port McNeill,2021S05101190,996,2234,2219,0.7,1057,973,2.49,898.6
2021,Powell River,2021S05100673,997,13116,12389,5.9,6342,6038,17.37,755.2
2021,Prince George,2021S05100679,998,67339,66315,1.5,29851,28163,73.9,911.2
2021,Prince Rupert,2021S05100680,999,11814,11733,0.7,5507,4857,7.97,1482.3
2021,Princeton,2021S05100681,1000,2826,2745,3.0,1489,1346,4.48,631.2
2021,Puntledge,2021S05101564,1001,1185,1191,-0.5,497,479,2.95,402.2
2021,Quesnel,2021S05100687,1002,12110,12196,-0.7,5808,5502,25.23,480.0
2021,Rayleigh,2021S05101565,1003,1933,1951,-0.9,723,713,2.06,939.7
2021,Revelstoke,2021S05100700,1004,7709,7067,9.1,3414,3147,12.3,627.0
2021,Roberts Creek,2021S05101376,1005,1927,1898,1.5,1007,850,4.18,460.5
2021,Rosedale,2021S05101566,1006,2232,1894,17.8,761,749,4.39,508.8
2021,Rossland,2021S05101257,1007,3645,3416,6.7,1715,1588,4.01,910.0
2021,Salmo,2021S05101171,1008,1140,1141,-0.1,599,568,2.44,466.4
2021,Salmon Arm,2021S05100736,1009,16065,14948,7.5,7020,6707,20.99,765.4
2021,Sechelt,2021S05101300,1010,9434,8993,4.9,4884,4442,11.96,788.8
2021,Shawnigan - Mill Bay,2021S05101567,1011,7285,7129,2.2,3065,2855,14.87,490.0
2021,Sicamous,2021S05101219,1012,2041,1786,14.3,1539,965,2.63,775.6
2021,Smithers,2021S05100765,1013,5316,5351,-0.7,2375,2282,10.46,508.0
2021,Sooke,2021S05101098,1014,11583,9936,16.6,4940,4702,15.3,757.1
2021,Sparwood,2021S05100776,1015,3990,3646,9.4,2101,1747,8.61,463.5
2021,Squamish,2021S05100781,1016,22221,18902,17.6,9288,8623,22.11,1005.2
2021,Summerland,2021S05101117,1017,9860,9466,4.2,4471,4224,15.83,623.0
2021,Telkwa,2021S05101568,1018,1288,1160,11.0,500,482,2.86,450.0
2021,Terrace,2021S05100922,1019,14633,14327,2.1,6410,6019,22.19,659.5
2021,Tofino,2021S05101615,1020,2217,1736,27.7,1075,874,5.47,405.0
2021,Trail - Fruitvale,2021S05101569,1021,12863,12736,1.0,6177,5884,21.65,594.1
2021,Tsawwassen,2021S05101570,1022,23940,21845,9.6,10465,9968,14.95,1601.1
2021,Tumbler Ridge,2021S05101240,1023,2389,1987,20.2,1547,1090,2.95,810.3
2021,Ucluelet,2021S05100959,1024,1940,1613,20.3,937,803,2.9,670.1
2021,Vancouver,2021S05100973,1025,2426160,2268864,6.9,1015170,958604,911.64,2661.3
2021,Vanderhoof,2021S05100974,1026,1967,1979,-0.6,896,849,2.85,691.3
2021,Vernon,2021S05100983,1027,51896,48425,7.2,23605,22314,51.16,1014.3
2021,Victoria,2021S05100984,1028,363222,337235,7.7,172251,163111,222.71,1630.9
2021,Welcome Beach,2021S05101424,1029,1116,1125,-0.8,524,484,1.41,793.0
2021,Whistler,2021S05101309,1030,9974,8739,14.1,7800,4001,11.74,849.5
2021,White Rock,2021S05101021,1031,109167,93811,16.4,46671,44359,54.23,2013.1
2021,Williams Lake,2021S05101028,1032,11906,11702,1.7,5466,5109,27.69,430.0
2021,Yarrow,2021S05101616,1033,1378,1257,9.6,436,427,3.37,408.5
2021,Yukon,2021A000260,1034,40232,35874,12.1,19610,17181,472345.44,0.1
2021,Dawson,2021S05101617,1035,1092,957,14.1,597,544,1.05,1036.2
2021,Whitehorse,2021S05101023,1036,24513,21770,12.6,10424,9971,35.97,681.5
2021,Northwest Territories,2021A000261,1037,41070,41786,-1.7,17603,15207,1127711.92,0.0
2021,Fort Smith,2021S05101572,1038,1749,2031,-13.9,778,687,2.04,855.8
2021,Hay River,2021S05100366,1039,2380,2728,-12.8,1172,950,3.16,752.8
2021,Inuvik,2021S05100388,1040,3001,3140,-4.4,1381,1161,1.6,1871.4
2021,Yellowknife,2021S05101044,1041,19673,19141,2.8,7773,7327,18.11,1086.3
2021,Nunavut,2021A000262,1042,36858,35944,2.5,11720,9926,1836993.78,0.0
2021,Arviat,2021S05101393,1043,2766,2581,7.2,668,608,2.42,1143.6
2021,Baker Lake,2021S05101439,1044,1653,1690,-2.2,547,472,1.56,1060.0
2021,Cambridge Bay,2021S05101392,1045,1403,1619,-13.3,521,434,0.85,1652.9
2021,Gjoa Haven,2021S05101573,1046,1110,1197,-7.3,267,239,0.7,1586.2
2021,Iqaluit,2021S05100306,1047,6991,7323,-4.5,3093,2542,10.48,667.0
2021,Rankin Inlet,2021S05101320,1048,2698,2608,3.5,929,750,2.86,942.6
